Document Date,Document Number,Document Type,Item Number,U Of M,TRX QTY,Unit Cost,Extended Cost,TRX Location,Document Status
01/04/2023,ASM013223,Bill of Materials,A-61012,BOX,3295,12.747,42002.22,1,Posted
01/12/2023,ASM013357,Bill of Materials,AC-B16BK,BAG,400,31.286,12514.4,1,Posted
01/10/2023,ASM013358,Bill of Materials,AC-B16BK,BAG,400,31.286,12514.4,1,Posted
01/05/2023,ASM013360,Bill of Materials,AC-B4BK,BAG,600,8.642,5185.2,1,Posted
01/03/2023,ASM013377,Bill of Materials,A-61012,BOX,840,12.777,10732.68,2,Posted
01/04/2023,ASM013378,Bill of Materials,A-61280,BAG,864,12.609,10894.32,1,Posted
01/20/2023,ASM013384,Bill of Materials,A-61260,BOX,900,10.49,9441,3,Posted
01/20/2023,ASM013386,Bill of Materials,A-61220,BOX,1600,3.645,5832,3,Posted
01/09/2023,ASM013387,Bill of Materials,AC-B4BK,BAG,600,8.094,4856.4,3,Posted
01/13/2023,ASM013388,Bill of Materials,AC-B4BK,BAG,600,8.094,4856.4,3,Posted
01/10/2023,ASM013390,Bill of Materials,AC-B9SLE,BAG,3200,22.685,72592.48,1,Posted
01/10/2023,ASM013392,Bill of Materials,AC-B9SL,BAG,6900,23.61,162909,U,Posted
01/05/2023,ASM013395,Bill of Materials,A-61260,BOX,768,8.99,6904.32,2,Posted
01/09/2023,ASM013396,Bill of Materials,A-61012,BOX,420,12.819,5383.99,2,Posted
01/11/2023,ASM013400,Bill of Materials,A-61280,BAG,2016,12.759,25722.48,U,Posted
01/19/2023,ASM013412,Bill of Materials,AC-B9SL,BAG,5000,23.077,115383.84,U,Posted
01/23/2023,ASM013413,Bill of Materials,A-61012,BOX,672,12.697,8532.39,2,Posted
01/20/2023,ASM013414,Bill of Materials,A-61280,BAG,2304,12.727,29323.35,U,Posted
02/01/2023,ASM013427,Bill of Materials,AC-B8BK,BAG,400,16.902,6760.8,1,Posted
02/07/2023,ASM013428,Bill of Materials,AC-B8BK,BAG,400,16.902,6760.8,1,Posted
01/27/2023,ASM013433,Bill of Materials,A-61012,BOX,1357,12.802,17372.26,2,Posted
01/27/2023,ASM013436,Bill of Materials,A-61280,BAG,576,12.61,7263.57,U,Posted
02/07/2023,ASM013444,Bill of Materials,A-61012,BOX,1440,12.697,18283.68,1,Posted
02/08/2023,ASM013455,Bill of Materials,A-61280,BAG,1152,12.599,14514.24,U,Posted
02/09/2023,ASM013457,Bill of Materials,A-61012,BOX,1560,12.82,19999.18,1,Posted
03/24/2023,ASM013458,Bill of Materials,A-61012,BOX,1080,12.016,12977.28,1,Posted
02/10/2023,ASM013459,Bill of Materials,A-61243,BOX,162,7.652,1239.67,1,Posted
02/10/2023,ASM013459,Bill of Materials,A-61220,BOX,-324,3.659,1185.38,1,Posted
02/16/2023,ASM013460,Bill of Materials,AC-B8BK,BAG,420,16.902,7098.84,1,Posted
02/23/2023,ASM013461,Bill of Materials,AC-B8BK,BAG,420,16.902,7098.84,1,Posted
02/16/2023,ASM013462,Bill of Materials,AC-B4BK,BAG,600,8.639,5183.4,3,Posted
02/13/2023,ASM013463,Bill of Materials,A-61243,BOX,371,6.495,2409.63,2,Posted
02/13/2023,ASM013464,Bill of Materials,A-61220,BOX,73,3.135,228.86,2,Posted
02/16/2023,ASM013474,Bill of Materials,A-61260,BOX,191,8.99,1717.1,2,Posted
03/13/2023,ASM013479,Bill of Materials,AC-B8BK,BAG,420,15.862,6662.04,1,Posted
03/23/2023,ASM013480,Bill of Materials,AC-B8BK,BAG,420,15.881,6670.02,1,Posted
02/22/2023,ASM013484,Bill of Materials,A-61260,BOX,2328,10.477,24391.45,1,Posted
03/22/2023,ASM013486,Bill of Materials,AC-B16BK,BAG,400,28.256,11302.4,1,Posted
03/21/2023,ASM013487,Bill of Materials,AC-B16BK,BAG,400,28.256,11302.4,1,Posted
02/28/2023,ASM013488,Bill of Materials,AC-B4BK,BAG,400,8.642,3456.8,1,Posted
02/28/2023,ASM013489,Bill of Materials,AC-B4BK,BAG,400,8.642,3456.8,1,Posted
02/27/2023,ASM013491,Bill of Materials,A-61260,BOX,477,9.057,4319.99,2,Posted
02/28/2023,ASM013493,Bill of Materials,AC-B4BK,BAG,400,8.642,3456.8,1,Posted
02/28/2023,ASM013494,Bill of Materials,AC-B4BK,BAG,400,8.642,3456.8,1,Posted
04/12/2023,ASM013505,Bill of Materials,AC-B4BK,BAG,1200,8.555,10266,1,Posted
04/17/2023,ASM013506,Bill of Materials,AC-B8BK,BAG,840,16.88,14179.2,1,Posted
04/20/2023,ASM013511,Bill of Materials,AC-B16BK,BAG,1200,27.972,33566.87,1,Posted
03/01/2023,ASM013512,Bill of Materials,A-61260,BOX,2669,10.528,28099.25,1,Posted
03/06/2023,ASM013513,Bill of Materials,AC-B4BK,BAG,400,8.642,3456.8,1,Posted
03/03/2023,ASM013514,Bill of Materials,AC-B4BK,BAG,400,8.642,3456.8,1,Posted
03/03/2023,ASM013515,Bill of Materials,AC-B4BK,BAG,400,8.642,3456.8,1,Posted
03/06/2023,ASM013516,Bill of Materials,AC-B4BK,BAG,400,8.642,3456.8,1,Posted
03/03/2023,ASM013518,Bill of Materials,A-61260,BOX,528,8.99,4746.73,2,Posted
03/08/2023,ASM013528,Bill of Materials,A-61260,BOX,960,8.99,8630.4,2,Posted
03/09/2023,ASM013534,Bill of Materials,A-61220,BOX,200,3.481,696.12,2,Posted
03/08/2023,ASM013535,Bill of Materials,AC-B4BK,BAG,2000,8.729,17458,3,Posted
03/16/2023,ASM013536,Bill of Materials,A-61260,BOX,1377,10.574,14559.87,1,Posted
03/09/2023,ASM013537,Bill of Materials,A-61243,BOX,3456,7.535,26039.69,1,Posted
03/16/2023,ASM013538,Bill of Materials,AC-B4BK,BAG,400,8.088,3235.2,1,Posted
03/10/2023,ASM013540,Bill of Materials,A-61260,BOX,503,9.242,4648.59,2,Posted
03/14/2023,ASM013541,Bill of Materials,AC-B4BK,BAG,400,8.088,3235.2,1,Posted
03/13/2023,ASM013546,Bill of Materials,A-61220,BOX,960,3.72,3571.2,3,Posted
03/13/2023,ASM013548,Bill of Materials,A-61280,BAG,1443,12.61,18195.59,U,Posted
03/20/2023,ASM013553,Bill of Materials,AC-B4BK,BAG,1200,8.894,10673.15,1,Posted
03/15/2023,ASM013554,Bill of Materials,A-61012,BOX,624,12.637,7885.49,2,Posted
03/20/2023,ASM013558,Bill of Materials,A-61012,BOX,696,12.837,8934.55,2,Posted
03/28/2023,ASM013565,Bill of Materials,AC-B8BK,BAG,840,16.881,14180.04,1,Posted
03/31/2023,ASM013566,Bill of Materials,AC-B4BK,BAG,1200,8.503,10203.6,1,Posted
04/05/2023,ASM013567,Bill of Materials,AC-B16BK,BAG,960,28.255,27125.18,1,Posted
03/23/2023,ASM013577,Bill of Materials,A-61012,BOX,648,12.637,8188.78,2,Posted
03/24/2023,ASM013580,Bill of Materials,A-61012,BOX,456,12.637,5762.47,2,Posted
03/28/2023,ASM013581,Bill of Materials,A-61243,BOX,1920,8.16,15667.21,1,Posted
04/04/2023,ASM013583,Bill of Materials,A-61243,BOX,1652,8.167,13491.59,1,Posted
04/07/2023,ASM013584,Bill of Materials,A-61243,BOX,2364,8.171,19317.19,1,Posted
03/27/2023,ASM013585,Bill of Materials,A-61012,BOX,420,12.637,5307.54,2,Posted
03/27/2023,ASM013590,Bill of Materials,A-61220,BOX,2120,3.682,7806.04,3,Posted
03/28/2023,ASM013591,Bill of Materials,AC-B9SLE,BAG,800,22.744,18195.2,1,Posted
03/28/2023,ASM013594,Bill of Materials,A-61280,BAG,1152,12.599,14514.24,U,Posted
03/28/2023,ASM013595,Bill of Materials,AC-B4BK,BAG,4000,8.732,34927.79,3,Posted
03/30/2023,ASM013599,Bill of Materials,A-61260,BOX,504,10.055,5067.85,2,Posted
03/30/2023,ASM013602,Bill of Materials,A-61260,BOX,768,10.116,7769.13,3,Posted
04/19/2023,ASM013603,Bill of Materials,A-61220,BOX,1920,3.642,6992.64,3,Posted
03/31/2023,ASM013606,Bill of Materials,A-61260,BOX,603,10.234,6171.21,2,Posted
04/03/2023,ASM013609,Bill of Materials,A-61260,BOX,792,10.228,8100.58,2,Posted
04/06/2023,ASM013617,Bill of Materials,A-61260,BOX,984,10.228,10064.35,2,Posted
04/06/2023,ASM013623,Bill of Materials,A-61260,BOX,744,10.239,7617.71,2,Posted
05/31/2023,ASM013632,Bill of Materials,A-61260,BOX,1032,10.708,11050.64,2,Posted
04/13/2023,ASM013634,Bill of Materials,AC-B9SLE,BAG,1600,22.744,36390.4,1,Posted
04/11/2023,ASM013635,Bill of Materials,A-61280,BAG,576,12.598,7256.53,U,Posted
04/12/2023,ASM013638,Bill of Materials,A-61012,BOX,781,12.637,9869.49,2,Posted
04/25/2023,ASM013642,Bill of Materials,AC-B4BK,BAG,1600,8.488,13580,1,Posted
04/13/2023,ASM013645,Bill of Materials,A-61243,BOX,240,8.189,1965.36,3,Posted
04/13/2023,ASM013646,Bill of Materials,A-61260,BOX,576,10.228,5891.34,2,Posted
04/26/2023,ASM013649,Bill of Materials,A-61260,BOX,1671,9.654,16131.37,2,Posted
05/01/2023,ASM013651,Bill of Materials,AC-B8BK,BAG,1260,16.745,21098.7,1,Posted
04/17/2023,ASM013652,Bill of Materials,A-61260,BOX,955,10.228,9767.74,2,Posted
04/17/2023,ASM013653,Bill of Materials,A-61012,BOX,1080,12.124,13093.48,1,Posted
04/25/2023,ASM013659,Bill of Materials,A-61260,BOX,420,10.108,4245.36,3,Posted
04/20/2023,ASM013660,Bill of Materials,AC-B16BK,BAG,600,28.966,17379.75,3,Posted
04/21/2023,ASM013665,Bill of Materials,A-61280,BAG,864,12.599,10885.68,U,Posted
04/21/2023,ASM013669,Bill of Materials,A-61012,BOX,842,12.016,10117.48,1,Posted
04/27/2023,ASM013678,Bill of Materials,A-61260,BOX,737,12.236,9017.94,1,Posted
05/05/2023,ASM013679,Bill of Materials,AC-B4BK,BAG,1200,8.508,10209,1,Posted
05/09/2023,ASM013680,Bill of Materials,AC-B16BK,BAG,960,28.087,26963.52,1,Posted
06/08/2023,ASM013684,Bill of Materials,A-61012,BOX,288,11.856,3414.53,1,Posted
05/01/2023,ASM013693,Bill of Materials,A-61243,BOX,1400,8.417,11783.21,3,Posted
05/16/2023,ASM013694,Bill of Materials,A-61260,BOX,352,10.588,3726.98,3,Posted
05/05/2023,ASM013701,Bill of Materials,A-61260,BOX,1529,10.269,15701.94,1,Posted
05/02/2023,ASM013703,Bill of Materials,AC-B8BK,BAG,500,16.851,8425.5,3,Posted
05/12/2023,ASM013705,Bill of Materials,A-61260,BOX,1388,14.347,19913.53,2,Posted
05/04/2023,ASM013706,Bill of Materials,A-61012,BOX,1512,12.097,18290.17,2,Posted
05/10/2023,ASM013708,Bill of Materials,AC-B16BK,BAG,600,28.01,16806.16,3,Posted
05/08/2023,ASM013709,Bill of Materials,AC-B4BK,BAG,600,8.508,5104.5,1,Posted
05/10/2023,ASM013710,Bill of Materials,AC-B4BK,BAG,1200,8.508,10209,1,Posted
05/09/2023,ASM013713,Bill of Materials,A-61260,BOX,802,10.283,8246.84,1,Posted
05/05/2023,ASM013714,Bill of Materials,AC-B9SL,BAG,5600,23.017,128893.86,U,Posted
05/08/2023,ASM013715,Bill of Materials,A-61280,BAG,864,13.239,11438.64,U,Posted
05/10/2023,ASM013716,Bill of Materials,AC-B9SLE,BAG,1600,22.811,36496.82,1,Posted
05/19/2023,ASM013717,Bill of Materials,AC-B8BK,BAG,2100,16.755,35185.5,1,Posted
06/20/2023,ASM013718,Bill of Materials,AC-B8BK,BAG,2100,16.055,33715.5,1,Posted
05/16/2023,ASM013719,Bill of Materials,AC-B4BK,BAG,1600,8.497,13594.53,1,Posted
05/18/2023,ASM013720,Bill of Materials,AC-B4BK,BAG,1600,8.495,13592,1,Posted
06/01/2023,ASM013721,Bill of Materials,AC-B16BK,BAG,1200,27.392,32869.89,1,Posted
06/08/2023,ASM013722,Bill of Materials,AC-B16BK,BAG,1200,27.247,32696.4,1,Posted
05/11/2023,ASM013723,Bill of Materials,A-61260,BOX,1920,10.746,20632.32,1,Posted
05/10/2023,ASM013725,Bill of Materials,A-61012,BOX,2113,12.029,25416.94,2,Posted
05/12/2023,ASM013728,Bill of Materials,A-61012,BOX,1080,11.936,12890.88,1,Posted
05/11/2023,ASM013729,Bill of Materials,A-61260N,BOX,502,10.746,5394.48,1,Posted
05/25/2023,ASM013732,Bill of Materials,A-61260,BOX,768,10.588,8131.58,3,Posted
05/24/2023,ASM013733,Bill of Materials,A-61220,BOX,1600,3.832,6130.45,3,Posted
05/17/2023,ASM013735,Bill of Materials,A-61260,BOX,1440,10.358,14915.9,2,Posted
06/05/2023,ASM013745,Bill of Materials,A-61012,BOX,1440,11.943,17198.58,1,Posted
05/24/2023,ASM013750,Bill of Materials,A-61260,BOX,1896,10.708,20302.38,2,Posted
06/01/2023,ASM013759,Bill of Materials,A-61220,BOX,1000,3.802,3802,3,Posted
06/06/2023,ASM013760,Bill of Materials,A-61260,BOX,768,10.607,8146.43,3,Posted
05/24/2023,ASM013761,Bill of Materials,A-61260N,BOX,2400,10.8,25919.55,1,Posted
05/25/2023,ASM013763,Bill of Materials,A-61260N,BOX,2497,10.833,27050.11,1,Posted
05/25/2023,ASM013765,Bill of Materials,AC-B9SL,BAG,3303,23.015,76018.54,U,Posted
05/30/2023,ASM013768,Bill of Materials,A-61280,BAG,2016,13.292,26796.62,U,Posted
05/31/2023,ASM013769,Bill of Materials,AC-B9SLE,BAG,1600,23.355,37368.03,1,Posted
06/05/2023,ASM013771,Bill of Materials,A-61260,BOX,3068,10.8,33135.66,2,Posted
06/05/2023,ASM013774,Bill of Materials,A-61243,BOX,100,8.413,841.29,2,Posted
06/06/2023,ASM013775,Bill of Materials,A-61220,BOX,1000,3.783,3783,2,Posted
06/08/2023,ASM013778,Bill of Materials,A-61243,BOX,895,8.438,7551.63,2,Posted
06/08/2023,ASM013779,Bill of Materials,A-61260N,BOX,720,10.702,7705.44,1,Posted
06/09/2023,ASM013784,Bill of Materials,A-61012,BOX,1200,11.856,14227.2,1,Posted
06/13/2023,ASM013785,Bill of Materials,A-61012,BOX,1200,11.936,14323.2,1,Posted
06/13/2023,ASM013793,Bill of Materials,A-61012,BOX,1200,12.106,14527.71,1,Posted
06/13/2023,ASM013794,Bill of Materials,AC-B4BK,BAG,1500,8.453,12679.92,3,Posted
06/15/2023,ASM013795,Bill of Materials,A-61012,BOX,952,11.942,11369.24,1,Posted
06/26/2023,ASM013796,Bill of Materials,A-61260N,BOX,720,10.941,7877.61,3,Posted
06/19/2023,ASM013802,Bill of Materials,A-61260N,BOX,1773,10.746,19052.65,1,Posted
06/27/2023,ASM013809,Bill of Materials,AC-B9SLE,BAG,1600,23.724,37958.4,1,Posted
06/15/2023,ASM013815,Bill of Materials,A-61280,BAG,2882,13.348,38468.34,U,Posted
06/28/2023,ASM013816,Bill of Materials,A-61220,BOX,1000,3.897,3896.5,3,Posted
06/29/2023,ASM013818,Bill of Materials,A-61260N,BOX,585,11.029,6451.68,1,Posted
07/20/2023,ASM013824,Bill of Materials,A-61260N,BOX,1560,11.115,17338.65,3,Posted
07/24/2023,ASM013825,Bill of Materials,A-61260N,BOX,270,10.976,2963.52,3,Posted
07/07/2023,ASM013826,Bill of Materials,A-61243,BOX,200,8.014,1602.8,2,Posted
07/07/2023,ASM013826,Bill of Materials,A-61220,BOX,-400,3.783,1513.2,2,Posted
07/10/2023,ASM013828,Bill of Materials,A-61260N,BOX,245,11.047,2706.44,1,Posted
07/10/2023,ASM013829,Bill of Materials,A-61243,BOX,2400,8.47,20328.18,1,Posted
07/11/2023,ASM013832,Bill of Materials,A-61243,BOX,2400,8.569,20564.8,1,Posted
07/12/2023,ASM013833,Bill of Materials,AC-B16BK,BAG,1000,26.661,26661.19,3,Posted
07/12/2023,ASM013834,Bill of Materials,A-61243,BOX,2797,8.653,24203.45,1,Posted
07/12/2023,ASM013835,Bill of Materials,A-61243,BOX,1122,8.638,9691.83,1,Posted
07/17/2023,ASM013836,Bill of Materials,A-61012,BOX,2160,12.046,26019.36,1,Posted
07/14/2023,ASM013839,Bill of Materials,AC-B9SL,BAG,13440,23.891,321088.42,U,Posted
07/18/2023,ASM013842,Bill of Materials,AC-B9SLE,BAG,1600,22.866,36585.6,1,Posted
07/18/2023,ASM013843,Bill of Materials,A-61012,BOX,2160,12.046,26019.36,1,Posted
07/20/2023,ASM013846,Bill of Materials,AC-B8BK,BAG,1200,15.42,18504.53,3,Posted
07/21/2023,ASM013853,Bill of Materials,A-61012,BOX,3600,11.973,43103.44,1,Posted
07/25/2023,ASM013858,Bill of Materials,A-61012,BOX,2160,11.921,25749.14,1,Posted
08/14/2023,ASM013862,Bill of Materials,AC-B4BK,BAG,600,8.126,4875.6,1,Posted
07/26/2023,ASM013863,Bill of Materials,A-61280,BAG,2881,13.33,38404.66,U,Posted
07/28/2023,ASM013870,Bill of Materials,A-61220,BOX,4502,3.875,17445.25,1,Posted
07/31/2023,ASM013871,Bill of Materials,A-61220,BOX,960,3.889,3733.67,3,Posted
08/02/2023,ASM013874,Bill of Materials,A-61260N,BOX,2820,11.081,31247.7,1,Posted
08/03/2023,ASM013878,Bill of Materials,A-61012,BOX,3625,11.763,42639.26,2,Posted
08/04/2023,ASM013880,Bill of Materials,A-61220,BOX,960,3.892,3736.2,3,Posted
08/04/2023,ASM013881,Bill of Materials,A-61243,BOX,960,8.576,8232.92,3,Posted
08/04/2023,ASM013882,Bill of Materials,AC-B4BK,BAG,550,8.176,4496.53,3,Posted
08/10/2023,ASM013883,Bill of Materials,A-61220,BOX,3840,3.875,14880,3,Posted
08/04/2023,ASM013884,Bill of Materials,AC-B16BK,BAG,900,26.605,23944.1,3,Posted
08/04/2023,ASM013885,Bill of Materials,A-61260N,BOX,1829,11.045,20201.31,1,Posted
08/10/2023,ASM013886,Bill of Materials,A-61243,BOX,1966,8.771,17244.72,1,Posted
08/07/2023,ASM013890,Bill of Materials,AC-B4BK,BAG,200,7.449,1489.85,2,Posted
08/23/2023,ASM013906,Bill of Materials,AC-B4BK,BAG,1500,8.54,12810.26,1,Posted
08/16/2023,ASM013907,Bill of Materials,AC-B4BK,BAG,1000,8.148,8148.1,1,Posted
08/15/2023,ASM013915,Bill of Materials,AC-B8BK,BAG,196,15.445,3027.21,3,Posted
08/15/2023,ASM013916,Bill of Materials,AC-B9SL,BAG,4003,23.256,93093.66,U,Posted
08/16/2023,ASM013919,Bill of Materials,AC-B9SLE,BAG,1600,22.866,36585.6,1,Posted
08/16/2023,ASM013920,Bill of Materials,A-61260N,BOX,2304,11.081,25530.64,1,Posted
08/21/2023,ASM013935,Bill of Materials,A-61012,BOX,3240,11.932,38658.46,1,Posted
08/22/2023,ASM013936,Bill of Materials,A-61220,BOX,960,3.875,3720,3,Posted
08/29/2023,ASM013937,Bill of Materials,A-61243,BOX,480,8.598,4127.04,3,Posted
08/30/2023,ASM013942,Bill of Materials,AC-B4BK,BAG,1000,8.195,8194.5,3,Posted
08/30/2023,ASM013943,Bill of Materials,AC-B16BK,BAG,800,26.264,21011.44,3,Posted
09/08/2023,ASM013955,Bill of Materials,A-61243,BOX,3623,8.428,30534.63,1,Posted
09/08/2023,ASM013958,Bill of Materials,A-61012,BOX,3600,12.097,43549.39,1,Posted
09/12/2023,ASM013964,Bill of Materials,A-61243,BOX,480,8.598,4127.04,3,Posted
09/18/2023,ASM013965,Bill of Materials,A-61220,BOX,1920,3.875,7440,3,Posted
09/14/2023,ASM013975,Bill of Materials,AC-B16BK,BAG,960,26.253,25202.88,1,Posted
10/12/2023,ASM013976,Bill of Materials,AC-B16BK,BAG,960,24.988,23988.48,1,Posted
09/19/2023,ASM013977,Bill of Materials,AC-B8BK,BAG,840,15.416,12949.44,1,Posted
09/28/2023,ASM013978,Bill of Materials,AC-B8BK,BAG,126,15.256,1922.26,1,Posted
09/18/2023,ASM013979,Bill of Materials,AC-B9SLE,BAG,1600,19.939,31901.64,1,Posted
09/15/2023,ASM013980,Bill of Materials,AC-B9SL,BAG,4803,22.51,108116.94,U,Posted
09/21/2023,ASM013983,Bill of Materials,AC-B8BK,BAG,840,15.296,12848.73,1,Posted
09/20/2023,ASM013985,Bill of Materials,AC-B8BK,BAG,100,15.756,1575.6,2,Posted
09/22/2023,ASM014000,Bill of Materials,AC-B8BK,BAG,126,15.756,1985.25,2,Posted
09/25/2023,ASM014007,Bill of Materials,AC-B4BK,BAG,2000,8.189,16377.82,3,Posted
09/25/2023,ASM014008,Bill of Materials,AC-B16BK,BAG,1000,26.568,26568,3,Posted
09/26/2023,ASM014010,Bill of Materials,AC-B8BK,BAG,126,15.756,1985.25,2,Posted
09/27/2023,ASM014018,Bill of Materials,A-61280,BAG,5763,13.05,75206.2,U,Posted
09/28/2023,ASM014020,Bill of Materials,AC-B8BK,BAG,1554,15.208,23633.23,1,Posted
09/28/2023,ASM014021,Bill of Materials,A-61260N,BOX,116,10.933,1268.22,1,Posted
09/29/2023,ASM014023,Bill of Materials,AC-B8BK,BAG,840,15.208,12774.72,1,Posted
10/03/2023,ASM014024,Bill of Materials,AC-B8BK,BAG,840,14.808,12439.1,1,Posted
09/29/2023,ASM014032,Bill of Materials,A-61243,BOX,629,8.238,5181.7,1,Posted
09/29/2023,ASM014032,Bill of Materials,A-61220,BOX,-1258,3.875,4874.75,1,Posted
10/03/2023,ASM014034,Bill of Materials,AC-B8BK,BAG,210,15.908,3340.78,2,Posted
10/19/2023,ASM014035,Bill of Materials,AC-B8BK,BAG,840,13.176,11067.84,1,Posted
10/04/2023,ASM014036,Bill of Materials,AC-B8BK,BAG,840,14.626,12285.84,1,Posted
10/04/2023,ASM014037,Bill of Materials,A-61260N,BOX,3160,10.961,34635.68,1,Posted
10/10/2023,ASM014043,Bill of Materials,AC-B4BK,BAG,3000,7.819,23455.5,1,Posted
10/09/2023,ASM014044,Bill of Materials,AC-B16BK,BAG,2000,28.907,57814.62,3,Posted
10/09/2023,ASM014053,Bill of Materials,AC-B8BK,BAG,221,15.954,3525.84,2,Posted
10/06/2023,ASM014056,Bill of Materials,AC-B9SL,BAG,17003,22.123,376155.44,U,Posted
10/11/2023,ASM014057,Bill of Materials,AC-B9SLE,BAG,1600,19.974,31958.4,1,Posted
10/10/2023,ASM014058,Bill of Materials,AC-B4BK,BAG,720,7.819,5629.32,1,Posted
10/13/2023,ASM014059,Bill of Materials,A-61243,BOX,960,8.741,8391.07,3,Posted
10/11/2023,ASM014062,Bill of Materials,A-61260N,BOX,1080,10.933,11807.64,1,Posted
10/12/2023,ASM014063,Bill of Materials,AC-B4BK,BAG,480,7.419,3560.88,1,Posted
10/12/2023,ASM014065,Bill of Materials,AC-B4BK,BAG,3000,7.774,23322,3,Posted
10/16/2023,ASM014066,Bill of Materials,AC-B4BK,BAG,1200,6.569,7882.47,1,Posted
10/13/2023,ASM014069,Bill of Materials,AC-B4BK,BAG,240,8.149,1955.64,2,Posted
10/18/2023,ASM014071,Bill of Materials,AC-B4BK,BAG,1200,6.696,8035.2,1,Posted
10/17/2023,ASM014073,Bill of Materials,A-61260N,BOX,1800,10.933,19679.4,1,Posted
10/19/2023,ASM014078,Bill of Materials,AC-B4BK,BAG,180,7.419,1335.33,2,Posted
10/19/2023,ASM014079,Bill of Materials,A-61260N,BOX,2025,10.998,22271.4,1,Posted
10/20/2023,ASM014080,Bill of Materials,AC-B16BK,BAG,720,22.67,16322.05,1,Posted
10/20/2023,ASM014082,Bill of Materials,A-61243,BOX,1440,8.621,12414.49,1,Posted
10/23/2023,ASM014092,Bill of Materials,A-61220,BOX,280,4.31,1206.72,3,Posted
10/26/2023,ASM014093,Bill of Materials,A-61220,BOX,2880,3.859,11113.91,3,Posted
10/23/2023,ASM014094,Bill of Materials,A-61243,BOX,2400,8.539,20494.27,1,Posted
10/25/2023,ASM014095,Bill of Materials,AC-B8BK,BAG,210,14.622,3070.59,2,Posted
10/25/2023,ASM014096,Bill of Materials,A-61260N,BOX,720,10.933,7871.76,1,Posted
10/27/2023,ASM014099,Bill of Materials,A-61260N,BOX,1080,10.933,11807.64,1,Posted
10/27/2023,ASM014100,Bill of Materials,A-61260N,BOX,1080,11.02,11901.69,1,Posted
10/30/2023,ASM014107,Bill of Materials,A-61260N,BOX,1296,10.964,14208.77,1,Posted
10/31/2023,ASM014109,Bill of Materials,AC-B8BK,BAG,210,13.457,2826.05,2,Posted
10/31/2023,ASM014110,Bill of Materials,AC-B16BK,BAG,72,24.96,1797.12,2,Posted
11/02/2023,ASM014113,Bill of Materials,A-61260N,BOX,270,10.911,2945.97,3,Posted
10/30/2023,ASM014115,Bill of Materials,A-61280,BAG,5763,13.039,75146.26,U,Posted
10/31/2023,ASM014116,Bill of Materials,AC-B9SL,BAG,8003,20.418,163407.33,U,Posted
11/08/2023,ASM014122,Bill of Materials,AC-B9SLE,BAG,1600,21.268,34029.06,1,Posted
11/07/2023,ASM014123,Bill of Materials,A-61012,BOX,628,12.19,7655.32,1,Posted
11/10/2023,ASM014124,Bill of Materials,AC-B8BK,BAG,1680,13.576,22807.68,1,Posted
11/08/2023,ASM014125,Bill of Materials,AC-B8BK,BAG,290,12.804,3713.21,2,Posted
11/17/2023,ASM014145,Bill of Materials,AC-B8BK,BAG,1680,13.974,23475.87,1,Posted
11/14/2023,ASM014146,Bill of Materials,A-61260N,BOX,3287,10.036,32989.72,1,Posted
11/14/2023,ASM014147,Bill of Materials,A-61243,BOX,127,7.697,977.58,1,Posted
11/16/2023,ASM014148,Bill of Materials,AC-B4BK,BAG,1200,6.896,8275.2,1,Posted
11/15/2023,ASM014149,Bill of Materials,AC-B16BK,BAG,72,21.32,1535.04,2,Posted
11/22/2023,ASM014154,Bill of Materials,AC-B4BK,BAG,1200,7.161,8593.2,1,Posted
11/20/2023,ASM014157,Bill of Materials,A-61220,BOX,800,3.605,2883.99,3,Posted
11/20/2023,ASM014158,Bill of Materials,A-61260N,BOX,720,10.011,7207.92,3,Posted
11/21/2023,ASM014160,Bill of Materials,AC-B16BK,BAG,750,26.403,19802.25,3,Posted
11/27/2023,ASM014163,Bill of Materials,AC-B16BK,BAG,480,23.958,11499.84,1,Posted
11/22/2023,ASM014164,Bill of Materials,AC-B9SL,BAG,7203,20.271,146015.39,U,Posted
01/15/2024,ASM014166,Bill of Materials,AC-B9SLE,BAG,1600,20.674,33078.4,1,Posted
11/29/2023,ASM014167,Bill of Materials,AC-B4BK,BAG,720,7.161,5155.92,1,Posted
11/29/2023,ASM014170,Bill of Materials,A-61012,BOX,2520,12.229,30817.37,1,Posted
11/29/2023,ASM014172,Bill of Materials,AC-B9SL,BAG,16803,21.181,355904.39,U,Posted
11/30/2023,ASM014173,Bill of Materials,A-61243,BOX,1418,8.729,12377.02,1,Posted
11/30/2023,ASM014177,Bill of Materials,AC-B8BK,BAG,282,12.801,3609.88,2,Posted
11/30/2023,ASM014178,Bill of Materials,AC-B16BK,BAG,60,21.32,1279.2,2,Posted
12/05/2023,ASM014182,Bill of Materials,A-61220,BOX,440,3.559,1565.96,3,Posted
12/05/2023,ASM014183,Bill of Materials,A-61220,BOX,960,3.559,3416.64,3,Posted
12/05/2023,ASM014184,Bill of Materials,A-61260N,BOX,720,10.119,7285.66,3,Posted
12/07/2023,ASM014186,Bill of Materials,AC-B4BK,BAG,480,7.184,3448.08,1,Posted
12/06/2023,ASM014190,Bill of Materials,A-61012,BOX,3478,12.259,42636.19,1,Posted
12/12/2023,ASM014192,Bill of Materials,AC-B16BK,BAG,480,24.832,11919.4,1,Posted
12/08/2023,ASM014193,Bill of Materials,AC-B16BK,BAG,1000,23.727,23727.12,3,Posted
12/08/2023,ASM014194,Bill of Materials,AC-B4BK,BAG,2000,7.084,14167,3,Posted
12/08/2023,ASM014195,Bill of Materials,AC-B8BK,BAG,1000,14.15,14150.33,3,Posted
12/14/2023,ASM014202,Bill of Materials,AC-B16BK,BAG,1000,23.917,23917.11,3,Posted
12/14/2023,ASM014203,Bill of Materials,AC-B4BK,BAG,2000,7.084,14167,3,Posted
12/14/2023,ASM014204,Bill of Materials,A-61243,BOX,2597,7.997,20766.9,1,Posted
12/12/2023,ASM014205,Bill of Materials,AC-B9SL,BAG,16803,21.898,367956.92,U,Posted
12/15/2023,ASM014213,Bill of Materials,A-61243,BOX,2880,7.804,22475.52,1,Posted
12/18/2023,ASM014217,Bill of Materials,A-61220,BOX,960,3.559,3416.64,3,Posted
12/18/2023,ASM014218,Bill of Materials,A-61243,BOX,1810,7.809,14133.94,1,Posted
12/19/2023,ASM014224,Bill of Materials,A-61220,BOX,960,3.561,3418.89,3,Posted
12/20/2023,ASM014229,Bill of Materials,A-61220,BOX,120,3.558,426.96,1,Posted
12/21/2023,ASM014233,Bill of Materials,A-61260N,BOX,105,10.123,1062.91,3,Posted
12/21/2023,ASM014234,Bill of Materials,A-61260N,BOX,90,10.123,911.07,3,Posted
12/21/2023,ASM014235,Bill of Materials,A-61243,BOX,1440,7.804,11237.76,1,Posted
12/22/2023,ASM014236,Bill of Materials,A-61243,BOX,960,7.806,7494.09,1,Posted
01/02/2024,ASM014241,Bill of Materials,A-61260N,BOX,1080,9.997,10796.43,1,Posted
12/26/2023,ASM014246,Bill of Materials,AC-B8BK,BAG,150,12.806,1920.9,2,Posted
12/28/2023,ASM014247,Bill of Materials,AC-B16BK,BAG,90,22.376,2013.82,2,Posted
12/27/2023,ASM014248,Bill of Materials,AC-B4BK,BAG,1500,7.184,10775.25,3,Posted
12/27/2023,ASM014249,Bill of Materials,AC-B16BK,BAG,1000,24.048,24048,3,Posted
12/28/2023,ASM014254,Bill of Materials,AC-B9SL,BAG,7064,21.89,154630.78,U,Posted
12/28/2023,ASM014255,Bill of Materials,A-61243,BOX,3036,7.777,23609.91,1,Posted
12/29/2023,ASM014257,Bill of Materials,A-61260N,BOX,1080,9.998,10797.45,1,Posted
01/03/2024,ASM014260,Bill of Materials,AC-B8BK,BAG,330,16.27,5369.19,2,Posted
01/04/2024,ASM014263,Bill of Materials,A-61220,BOX,700,3.559,2491.3,3,Posted
01/05/2024,ASM014264,Bill of Materials,A-61260N,BOX,2189,9.995,21878.76,1,Posted
01/05/2024,ASM014268,Bill of Materials,AC-B9SL,BAG,6080,21.177,128756.14,U,Posted
01/09/2024,ASM014270,Bill of Materials,AC-B9SL,BAG,800,20.563,16450.4,1,Posted
01/10/2024,ASM014277,Bill of Materials,A-61280,BAG,4323,11.483,49642.07,U,Posted
01/10/2024,ASM014280,Bill of Materials,A-61220,BOX,3840,3.561,13673.31,3,Posted
01/12/2024,ASM014289,Bill of Materials,A-61260N,BOX,2263,9.981,22586.12,1,Posted
03/08/2024,ASM014290,Bill of Materials,AC-B4BK,BAG,1200,7.351,8821.2,1,Posted
01/15/2024,ASM014297,Bill of Materials,AC-B8BK,BAG,468,16.386,7668.49,2,Posted
01/16/2024,ASM014298,Bill of Materials,AC-B9SLE,BAG,2400,20.104,48250.22,1,Posted
01/16/2024,ASM014301,Bill of Materials,A-61260N,BOX,480,10.123,4859.04,3,Posted
01/16/2024,ASM014303,Bill of Materials,AC-B8BK,BAG,1000,14.156,14156,3,Posted
01/22/2024,ASM014304,Bill of Materials,AC-B4BK,BAG,600,7.381,4428.6,1,Posted
01/22/2024,ASM014305,Bill of Materials,AC-B9SLE,BAG,2400,20.021,48051.38,1,Posted
01/19/2024,ASM014307,Bill of Materials,A-61260N,BOX,2099,9.719,20400.91,1,Posted
01/19/2024,ASM014308,Bill of Materials,AC-B9SL,BAG,7800,20.85,162633.19,U,Posted
01/22/2024,ASM014314,Bill of Materials,A-61012,BOX,720,12.189,8776.08,1,Posted
01/30/2024,ASM014316,Bill of Materials,AC-B9SLE,BAG,3200,20.021,64067.85,1,Posted
01/22/2024,ASM014317,Bill of Materials,A-61260N,BOX,1590,9.717,15450.14,1,Posted
01/25/2024,ASM014318,Bill of Materials,AC-B9SL,BAG,9000,20.829,187464,U,Posted
01/26/2024,ASM014326,Bill of Materials,A-61260N,BOX,2931,9.686,28389.67,1,Posted
01/31/2024,ASM014337,Bill of Materials,A-61012,BOX,931,12.448,11589.31,1,Posted
02/14/2024,ASM014339,Bill of Materials,AC-B9SLE,BAG,2400,20.636,49526.13,1,Posted
01/31/2024,ASM014342,Bill of Materials,A-61260N,BOX,1800,9.745,17541.4,1,Posted
03/07/2024,ASM014347,Bill of Materials,A-61243,BOX,3769,7.46,28116.74,1,Posted
02/05/2024,ASM014349,Bill of Materials,A-61260N,BOX,1968,9.686,19062.05,1,Posted
02/05/2024,ASM014352,Bill of Materials,A-61260N,BOX,360,9.823,3536.28,3,Posted
02/05/2024,ASM014354,Bill of Materials,A-61243,BOX,480,7.589,3642.92,3,Posted
02/05/2024,ASM014355,Bill of Materials,A-61220,BOX,930,3.465,3222.67,3,Posted
02/05/2024,ASM014358,Bill of Materials,A-61220,BOX,960,3.458,3319.68,1,Posted
02/08/2024,ASM014370,Bill of Materials,A-61243,BOX,3547,7.637,27087.43,1,Posted
02/13/2024,ASM014373,Bill of Materials,AC-B9SLE,BAG,3200,21.847,69910.4,1,Posted
02/12/2024,ASM014376,Bill of Materials,A-61243,BOX,1636,7.655,12523.35,1,Posted
02/16/2024,ASM014383,Bill of Materials,AC-B4BK,BAG,600,7.381,4428.6,1,Posted
02/16/2024,ASM014391,Bill of Materials,A-61260N,BOX,1800,9.705,17468.6,1,Posted
02/21/2024,ASM014392,Bill of Materials,AC-B4BK,BAG,600,7.351,4410.6,1,Posted
02/20/2024,ASM014393,Bill of Materials,A-61260N,BOX,1713,9.543,16346.53,1,Posted
02/20/2024,ASM014394,Bill of Materials,A-61220,BOX,2368,3.475,8229.97,3,Posted
02/23/2024,ASM014402,Bill of Materials,A-61012,BOX,1080,12.117,13086.36,1,Posted
02/29/2024,ASM014409,Bill of Materials,A-61260N,BOX,1800,9.624,17323.8,1,Posted
02/29/2024,ASM014411,Bill of Materials,AC-B8BK,BAG,420,14.486,6084.12,1,Posted
03/11/2024,ASM014416,Bill of Materials,AC-B16BK,BAG,480,24.718,11864.64,1,Posted
03/04/2024,ASM014417,Bill of Materials,AC-B16BK,BAG,210,26.588,5583.58,2,Posted
03/04/2024,ASM014421,Bill of Materials,A-61260N,BOX,1980,9.581,18971.16,1,Posted
03/06/2024,ASM014426,Bill of Materials,AC-B9SL,BAG,8800,22.482,197842.26,U,Posted
03/13/2024,ASM014438,Bill of Materials,AC-B8BK,BAG,840,14.486,12168.24,1,Posted
03/13/2024,ASM014446,Bill of Materials,A-61012,BOX,1740,12.197,21222.78,1,Posted
03/14/2024,ASM014449,Bill of Materials,AC-B4BK,BAG,600,7.317,4390.12,1,Posted
03/15/2024,ASM014450,Bill of Materials,AC-B4BK,BAG,600,7.421,4452.6,1,Posted
03/14/2024,ASM014451,Bill of Materials,A-61260N,BOX,806,9.422,7594.13,1,Posted
03/18/2024,ASM014452,Bill of Materials,AC-B8BK,BAG,840,13.766,11563.44,1,Posted
03/18/2024,ASM014453,Bill of Materials,AC-B4BK,BAG,600,7.421,4452.6,1,Posted
03/20/2024,ASM014458,Bill of Materials,AC-B8BK,BAG,840,13.766,11563.44,1,Posted
03/18/2024,ASM014459,Bill of Materials,A-61260N,BOX,1080,9.422,10175.76,1,Posted
03/20/2024,ASM014460,Bill of Materials,AC-B4BK,BAG,600,7.421,4452.6,1,Posted
03/21/2024,ASM014461,Bill of Materials,AC-B4BK,BAG,600,7.421,4452.6,1,Posted
03/27/2024,ASM014462,Bill of Materials,AC-B4BK,BAG,1200,7.274,8728.2,1,Posted
03/25/2024,ASM014463,Bill of Materials,AC-B4BK,BAG,1200,7.421,8905.2,1,Posted
03/25/2024,ASM014464,Bill of Materials,AC-B8BK,BAG,840,13.766,11563.44,1,Posted
03/21/2024,ASM014465,Bill of Materials,AC-B16BK,BAG,480,24.698,11855.04,1,Posted
03/19/2024,ASM014466,Bill of Materials,AC-B4BK,BAG,1000,7.782,7781.66,3,Posted
04/12/2024,ASM014469,Bill of Materials,A-61260N,BOX,720,8.402,6049.44,1,Posted
03/21/2024,ASM014471,Bill of Materials,A-61260N,BOX,1294,9.412,12178.8,1,Posted
03/21/2024,ASM014475,Bill of Materials,A-61280,BAG,291,11.037,3211.75,U,Posted
03/22/2024,ASM014479,Bill of Materials,A-61280,BAG,4035,11.054,44601.65,U,Posted
03/27/2024,ASM014483,Bill of Materials,AC-B8BK,BAG,840,13.639,11456.41,1,Posted
03/25/2024,ASM014486,Bill of Materials,A-61243,BOX,1920,7.26,13939.2,1,Posted
03/28/2024,ASM014491,Bill of Materials,AC-B8BK,BAG,576,13.931,8024.24,2,Posted
03/28/2024,ASM014495,Bill of Materials,A-61243,BOX,320,7.366,2357.12,3,Posted
03/29/2024,ASM014496,Bill of Materials,A-61220,BOX,757,3.348,2534.54,3,Posted
03/28/2024,ASM014497,Bill of Materials,A-61260N,BOX,195,9.443,1841.39,3,Posted
03/28/2024,ASM014498,Bill of Materials,A-61260N,BOX,70,9.443,661.01,3,Posted
04/02/2024,ASM014499,Bill of Materials,AC-B4BK,BAG,500,8.444,4221.75,3,Posted
04/01/2024,ASM014500,Bill of Materials,AC-B4BK,BAG,1200,7.274,8728.2,1,Posted
03/29/2024,ASM014501,Bill of Materials,AC-B8BK,BAG,840,13.423,11275.32,1,Posted
04/02/2024,ASM014502,Bill of Materials,AC-B16BK,BAG,300,28.579,8573.76,3,Posted
03/27/2024,ASM014504,Bill of Materials,A-61243,BOX,2066,7.26,14999.16,1,Posted
03/28/2024,ASM014505,Bill of Materials,A-61220,BOX,1242,3.286,4081.21,1,Posted
04/03/2024,ASM014507,Bill of Materials,AC-B9SLE,BAG,3200,22.844,73100.79,1,Posted
03/29/2024,ASM014520,Bill of Materials,A-61260N,BOX,419,8.402,3520.43,1,Posted
04/04/2024,ASM014521,Bill of Materials,AC-B4BK,BAG,1200,7.274,8728.2,1,Posted
04/01/2024,ASM014522,Bill of Materials,AC-B16BK,BAG,480,23.988,11514.24,1,Posted
03/29/2024,ASM014524,Bill of Materials,A-61260N,BOX,1440,8.402,12098.88,1,Posted
04/03/2024,ASM014526,Bill of Materials,A-61260N,BOX,1083,8.503,9208.32,1,Posted
04/05/2024,ASM014527,Bill of Materials,AC-B16BK,BAG,480,23.904,11473.76,1,Posted
04/05/2024,ASM014528,Bill of Materials,AC-B16BK,BAG,180,24.875,4477.5,2,Posted
04/09/2024,ASM014538,Bill of Materials,A-61260N,BOX,1440,8.402,12098.88,1,Posted
04/10/2024,ASM014539,Bill of Materials,A-61260N,BOX,1081,8.489,9176.81,1,Posted
04/15/2024,ASM014548,Bill of Materials,A-61260N,BOX,360,8.537,3073.32,3,Posted
04/15/2024,ASM014549,Bill of Materials,A-61220,BOX,2640,3.065,8091.6,3,Posted
04/16/2024,ASM014550,Bill of Materials,A-61260N,BOX,1440,8.402,12098.88,1,Posted
04/17/2024,ASM014551,Bill of Materials,AC-B6SLJ,BAG,1200,19.837,23804.1,1,Posted
04/16/2024,ASM014552,Bill of Materials,AC-B8BK,BAG,288,13.861,3991.98,2,Posted
04/19/2024,ASM014555,Bill of Materials,AC-B6SLJ,BAG,936,18.869,17661.59,1,Posted
04/17/2024,ASM014559,Bill of Materials,A-61260N,BOX,950,8.526,8099.46,1,Posted
04/22/2024,ASM014560,Bill of Materials,A-61243,BOX,111,7.752,860.45,2,Posted
04/22/2024,ASM014565,Bill of Materials,AC-B16BK,BAG,480,23.858,11451.84,1,Posted
04/19/2024,ASM014566,Bill of Materials,AC-B8BK,BAG,216,13.857,2993.14,2,Posted
04/22/2024,ASM014573,Bill of Materials,AC-B16BK,BAG,1000,27.086,27086.33,3,Posted
04/22/2024,ASM014574,Bill of Materials,AC-B4BK,BAG,1400,7.819,10945.9,3,Posted
04/22/2024,ASM014576,Bill of Materials,A-61220,BOX,960,3.049,2927.04,1,Posted
04/23/2024,ASM014577,Bill of Materials,A-61220,BOX,960,3.049,2927.04,1,Posted
04/23/2024,ASM014578,Bill of Materials,AC-B16BK,BAG,2000,27.035,54070.71,3,Posted
04/25/2024,ASM014582,Bill of Materials,AC-B8BK,BAG,195,13.856,2701.92,2,Posted
04/26/2024,ASM014583,Bill of Materials,A-61243,BOX,1956,6.625,12958.01,1,Posted
05/13/2024,ASM014589,Bill of Materials,A-61260N,BOX,1440,9.062,13049.28,1,Posted
04/26/2024,ASM014590,Bill of Materials,AC-B16BK,BAG,120,24.87,2984.4,2,Posted
04/29/2024,ASM014591,Bill of Materials,AC-B8BK,BAG,400,14.981,5992.4,3,Posted
05/02/2024,ASM014595,Bill of Materials,A-61012,BOX,1080,12.256,13236.48,2,Posted
05/06/2024,ASM014598,Bill of Materials,AC-B16BK,BAG,480,23.858,11451.84,1,Posted
05/07/2024,ASM014600,Bill of Materials,A-61243,BOX,1636,7.327,11986.2,1,Posted
05/09/2024,ASM014605,Bill of Materials,AC-B4BK,BAG,1200,6.989,8386.25,1,Posted
05/07/2024,ASM014606,Bill of Materials,AC-B8BK,BAG,840,13.288,11161.92,1,Posted
05/07/2024,ASM014607,Bill of Materials,AC-B8BK,BAG,1000,14.976,14976,3,Posted
05/08/2024,ASM014608,Bill of Materials,A-61012,BOX,720,12.214,8793.99,2,Posted
05/08/2024,ASM014610,Bill of Materials,AC-B8BK,BAG,216,13.856,2992.89,2,Posted
05/14/2024,ASM014635,Bill of Materials,A-61260N,BOX,1041,9.119,9492.39,1,Posted
05/15/2024,ASM014638,Bill of Materials,A-61012,BOX,1080,12.176,13150.08,2,Posted
05/15/2024,ASM014641,Bill of Materials,A-61012,BOX,1080,12.167,13140.36,1,Posted
05/16/2024,ASM014642,Bill of Materials,AC-B8BK,BAG,240,13.856,3325.44,2,Posted
05/16/2024,ASM014643,Bill of Materials,AC-B4BK,BAG,1520,8.061,12252.72,3,Posted
05/21/2024,ASM014645,Bill of Materials,A-61260N,BOX,1080,9.211,9947.95,3,Posted
05/17/2024,ASM014646,Bill of Materials,A-61012,BOX,1507,12.27,18490.92,1,Posted
05/22/2024,ASM014654,Bill of Materials,AC-B4BK,BAG,1200,6.966,8359.2,1,Posted
06/10/2024,ASM014656,Bill of Materials,AC-B16BK,BAG,480,26.488,12714.24,1,Posted
05/20/2024,ASM014657,Bill of Materials,A-61220,BOX,667,1.029,686.34,1,Posted
05/21/2024,ASM014661,Bill of Materials,A-61220,BOX,1920,3.269,6276.48,1,Posted
05/28/2024,ASM014662,Bill of Materials,AC-B4BK,BAG,1200,6.966,8359.2,1,Posted
05/22/2024,ASM014663,Bill of Materials,A-61260N,BOX,150,9.107,1366.05,3,Posted
05/23/2024,ASM014665,Bill of Materials,A-61243,BOX,2070,7.05,14593.02,1,Posted
05/23/2024,ASM014666,Bill of Materials,A-61260N,BOX,360,9.107,3278.52,3,Posted
05/29/2024,ASM014668,Bill of Materials,AC-B9SLE,BAG,3200,24.78,79295.75,1,Posted
05/30/2024,ASM014673,Bill of Materials,A-61260N,BOX,1080,9.105,9833.89,3,Posted
05/29/2024,ASM014676,Bill of Materials,AC-B16BK,BAG,160,24.886,3981.75,2,Posted
05/29/2024,ASM014682,Bill of Materials,A-61260N,BOX,720,8.522,6135.84,1,Posted
05/30/2024,ASM014684,Bill of Materials,A-61220,BOX,1200,3.286,3943.2,3,Posted
05/30/2024,ASM014687,Bill of Materials,A-61260N,BOX,720,8.522,6135.84,1,Posted
05/31/2024,ASM014690,Bill of Materials,A-61260N,BOX,720,8.762,6308.64,1,Posted
06/03/2024,ASM014693,Bill of Materials,A-61220,BOX,2880,3.286,9463.7,3,Posted
06/05/2024,ASM014694,Bill of Materials,AC-B6SLJ,BAG,480,18.845,9045.6,1,Posted
05/31/2024,ASM014695,Bill of Materials,A-61260N,BOX,1800,8.762,15771.6,1,Posted
06/05/2024,ASM014696,Bill of Materials,A-61012,BOX,1080,12.201,13176.88,2,Posted
06/04/2024,ASM014697,Bill of Materials,AC-B16BK,BAG,250,24.889,6222.3,2,Posted
06/04/2024,ASM014698,Bill of Materials,A-61260N,BOX,596,8.762,5222.15,1,Posted
06/05/2024,ASM014699,Bill of Materials,AC-B9SLE,BAG,10,25.181,251.81,1,Posted
07/17/2024,ASM014700,Bill of Materials,A-61280,BAG,10,10.949,109.49,1,Posted
06/05/2024,ASM014702,Bill of Materials,A-61243,BOX,480,7.199,3455.55,3,Posted
06/07/2024,ASM014704,Bill of Materials,AC-B16BK,BAG,480,23.424,11243.75,1,Posted
06/12/2024,ASM014707,Bill of Materials,AC-B8BK,BAG,840,14.609,12271.42,1,Posted
06/10/2024,ASM014708,Bill of Materials,A-61260N,BOX,1800,8.702,15663.6,1,Posted
06/11/2024,ASM014710,Bill of Materials,A-61243,BOX,960,7.109,6824.7,3,Posted
06/12/2024,ASM014711,Bill of Materials,A-61012,BOX,1080,12.256,13236.48,2,Posted
06/11/2024,ASM014712,Bill of Materials,A-61243,BOX,480,7.1,3408,3,Posted
06/12/2024,ASM014717,Bill of Materials,A-61280,BAG,1155,11.341,13099.21,U,Posted
06/14/2024,ASM014720,Bill of Materials,A-61260N,BOX,2256,8.798,19847.71,1,Posted
06/13/2024,ASM014723,Bill of Materials,A-61220,BOX,960,3.349,3215.04,1,Posted
06/14/2024,ASM014725,Bill of Materials,A-61243,BOX,1783,7.186,12812.63,1,Posted
06/17/2024,ASM014732,Bill of Materials,A-61260N,BOX,504,8.698,4383.9,1,Posted
06/20/2024,ASM014734,Bill of Materials,A-61012,BOX,1080,12.302,13285.7,2,Posted
06/21/2024,ASM014736,Bill of Materials,AC-B4BK,BAG,1920,7.899,15165.12,1,Posted
06/18/2024,ASM014739,Bill of Materials,AC-B8BK,BAG,280,13.796,3862.88,2,Posted
06/19/2024,ASM014745,Bill of Materials,A-61220,BOX,1280,3.299,4222.39,3,Posted
06/19/2024,ASM014746,Bill of Materials,A-61260N,BOX,2476,8.762,21695.54,1,Posted
06/20/2024,ASM014754,Bill of Materials,A-61260N,BOX,912,8.758,7987.06,1,Posted
06/25/2024,ASM014757,Bill of Materials,AC-B4BK,BAG,1200,7.874,9448.23,1,Posted
06/25/2024,ASM014763,Bill of Materials,AC-B6SLJ,BAG,240,18.893,4534.32,1,Posted
06/27/2024,ASM014767,Bill of Materials,AC-B6SLJ,BAG,240,18.893,4534.32,1,Posted
06/25/2024,ASM014768,Bill of Materials,AC-B16BK,BAG,102,24.778,2527.36,2,Posted
06/26/2024,ASM014769,Bill of Materials,A-61012,BOX,1130,12.29,13887.74,2,Posted
06/26/2024,ASM014773,Bill of Materials,A-61220,BOX,3840,3.351,12868.41,1,Posted
07/01/2024,ASM014775,Bill of Materials,AC-B6SLJ,BAG,240,19.753,4740.72,1,Posted
06/28/2024,ASM014779,Bill of Materials,A-61243,BOX,3992,7.19,28704.01,1,Posted
07/03/2024,ASM014780,Bill of Materials,AC-B4BK,BAG,1200,7.876,9451.2,1,Posted
06/28/2024,ASM014783,Bill of Materials,A-61243,BOX,1008,7.19,7247.88,1,Posted
07/02/2024,ASM014786,Bill of Materials,AC-B16BK,BAG,161,24.778,3989.25,2,Posted
07/03/2024,ASM014790,Bill of Materials,A-61012,BOX,1800,12.297,22134.08,1,Posted
07/08/2024,ASM014792,Bill of Materials,AC-B16BK,BAG,480,26.518,12728.64,1,Posted
07/08/2024,ASM014793,Bill of Materials,A-61220,BOX,1920,3.394,6516.48,3,Posted
07/08/2024,ASM014794,Bill of Materials,A-61243,BOX,480,7.196,3454.08,3,Posted
07/08/2024,ASM014795,Bill of Materials,AC-B16BK,BAG,480,26.518,12728.64,1,Posted
07/10/2024,ASM014798,Bill of Materials,AC-B8BK,BAG,840,14.609,12271.66,1,Posted
07/15/2024,ASM014799,Bill of Materials,AC-B4BK,BAG,1200,6.806,8167.2,1,Posted
07/08/2024,ASM014800,Bill of Materials,AC-B16BK,BAG,1000,26.873,26872.76,3,Posted
07/08/2024,ASM014802,Bill of Materials,AC-B4BK,BAG,400,7.954,3181.4,3,Posted
07/08/2024,ASM014803,Bill of Materials,AC-B8BK,BAG,660,14.821,9781.86,3,Posted
07/09/2024,ASM014804,Bill of Materials,A-61243,BOX,3780,7.194,27192.32,1,Posted
07/10/2024,ASM014808,Bill of Materials,A-61260N,BOX,1800,8.752,15753.6,1,Posted
07/17/2024,ASM014818,Bill of Materials,AC-B9SLE,BAG,3200,25.181,80579.2,1,Posted
07/12/2024,ASM014819,Bill of Materials,AC-B8BK,BAG,360,13.796,4966.56,2,Posted
07/12/2024,ASM014820,Bill of Materials,A-61012,BOX,720,12.32,8870.4,2,Posted
07/12/2024,ASM014824,Bill of Materials,A-61260N,BOX,9580,9.331,89390.98,IF,Posted
07/15/2024,ASM014827,Bill of Materials,A-61012,BOX,1800,12.323,22181.4,1,Posted
07/17/2024,ASM014832,Bill of Materials,AC-B16BK,BAG,153,26.828,4104.69,3,Posted
07/17/2024,ASM014833,Bill of Materials,AC-B4BK,BAG,3600,7.954,28632.6,3,Posted
07/17/2024,ASM014834,Bill of Materials,A-61220,BOX,1000,3.408,3407.74,3,Posted
07/18/2024,ASM014837,Bill of Materials,A-61012,BOX,1800,12.278,22100.3,1,Posted
07/19/2024,ASM014838,Bill of Materials,A-61012,BOX,720,12.316,8867.6,2,Posted
07/19/2024,ASM014839,Bill of Materials,A-61012,BOX,1800,12.243,22037.4,1,Posted
07/22/2024,ASM014840,Bill of Materials,AC-B8BK,BAG,355,13.796,4897.58,2,Posted
07/24/2024,ASM014845,Bill of Materials,A-61243,BOX,730,7.207,5260.75,1,Posted
07/25/2024,ASM014849,Bill of Materials,A-61012,BOX,1080,12.269,13250.37,2,Posted
07/26/2024,ASM014853,Bill of Materials,A-61243,BOX,2880,7.211,20766.9,1,Posted
07/29/2024,ASM014855,Bill of Materials,A-61260N,BOX,360,9.302,3348.72,3,Posted
08/06/2024,ASM014857,Bill of Materials,A-61260N,BOX,1080,9.313,10058.34,1,Posted
08/26/2024,ASM014861,Bill of Materials,F-04220,CASE,4000,7.607,30428.06,2,Posted
08/26/2024,ASM014861,Bill of Materials,F-04211,EACH,-96000,0.288,27628.06,2,Posted
07/30/2024,ASM014862,Bill of Materials,A-61012,BOX,975,12.466,12154.19,1,Posted
08/01/2024,ASM014865,Bill of Materials,A-61012,BOX,1080,12.236,13214.88,2,Posted
08/05/2024,ASM014871,Bill of Materials,A-61260N,BOX,720,9.302,6697.44,3,Posted
08/07/2024,ASM014874,Bill of Materials,AC-B16BK,BAG,338,24.778,8374.97,2,Posted
08/16/2024,ASM014876,Bill of Materials,AC-B6SLJ,BAG,240,19.581,4699.33,1,Posted
08/08/2024,ASM014877,Bill of Materials,A-61243,BOX,2880,7.205,20750.4,1,Posted
08/09/2024,ASM014879,Bill of Materials,A-61280,BAG,15,10.949,164.24,1,Posted
08/09/2024,ASM014881,Bill of Materials,A-61260N,BOX,720,9.325,6713.94,3,Posted
08/09/2024,ASM014882,Bill of Materials,A-61220,BOX,1920,3.389,6506.88,3,Posted
08/13/2024,ASM014886,Bill of Materials,AC-B16BK,BAG,2500,28.165,70411.52,3,Posted
08/13/2024,ASM014887,Bill of Materials,A-61012,BOX,2002,12.433,24891.84,1,Posted
08/15/2024,ASM014896,Bill of Materials,A-61012,BOX,1440,12.396,17850.24,2,Posted
08/14/2024,ASM014897,Bill of Materials,A-61280,BAG,3459,11.342,39231.1,U,Posted
08/15/2024,ASM014900,Bill of Materials,A-61012,BOX,1598,12.323,19692.15,1,Posted
08/13/2024,ASM014902,Bill of Materials,AC-B6SLJ,BAG,240,19.254,4621.02,1,Posted
08/19/2024,ASM014905,Bill of Materials,A-61260N,BOX,6480,10.28,66614.4,IF,Posted
08/28/2024,ASM014907,Bill of Materials,F-04220,CASE,517,7.346,3797.94,1,Posted
08/28/2024,ASM014907,Bill of Materials,F-04211,EACH,-12408,0.277,3436.04,1,Posted
08/22/2024,ASM014917,Bill of Materials,AC-B8BK,BAG,860,15.581,13399.66,3,Posted
08/21/2024,ASM014918,Bill of Materials,AC-B9SL,BAG,11259,24.673,277795.12,U,Posted
08/20/2024,ASM014919,Bill of Materials,A-61260N,BOX,940,9.44,8873.6,IF,Posted
08/26/2024,ASM014934,Bill of Materials,AC-B16BK,BAG,240,22.238,5337.12,1,Posted
08/26/2024,ASM014935,Bill of Materials,A-61260N,BOX,2580,10.28,26522.4,IF,Posted
09/10/2024,ASM014955,Bill of Materials,AC-B16BK,BAG,480,22.238,10674.24,1,Posted
09/05/2024,ASM014956,Bill of Materials,A-61243,BOX,3158,7.214,22783.06,1,Posted
09/05/2024,ASM014957,Bill of Materials,A-61220,BOX,960,3.389,3253.44,1,Posted
09/10/2024,ASM014958,Bill of Materials,AC-B16BK,BAG,480,22.615,10855.08,1,Posted
09/05/2024,ASM014959,Bill of Materials,AC-B9SLE,BAG,3200,22.52,72064,1,Posted
10/11/2024,ASM014960,Bill of Materials,F-04220,CASE,976,7.348,7171.65,1,Posted
10/11/2024,ASM014960,Bill of Materials,F-04211,EACH,-23424,0.277,6488.45,1,Posted
09/12/2024,ASM014962,Bill of Materials,AC-B8BK,BAG,840,12.526,10521.84,1,Posted
09/10/2024,ASM014970,Bill of Materials,AC-B9SL,BAG,5747,25.26,145171.49,U,Posted
09/13/2024,ASM014972,Bill of Materials,AC-B8BK,BAG,840,12.886,10824.24,1,Posted
09/11/2024,ASM014974,Bill of Materials,A-61280,BAG,4896,13.377,65493.16,U,Posted
09/12/2024,ASM014976,Bill of Materials,A-61260N,BOX,8640,11.133,96185.37,IF,Posted
09/13/2024,ASM014978,Bill of Materials,A-61220,BOX,200,3.509,701.77,3,Posted
09/13/2024,ASM014979,Bill of Materials,A-61220,BOX,3720,3.889,14467.08,3,Posted
10/01/2024,ASM014980,Bill of Materials,A-61260N,BOX,910,10.984,9995.2,IF,Posted
09/17/2024,ASM014982,Bill of Materials,AC-B16BK,BAG,480,22.958,11019.84,1,Posted
09/19/2024,ASM014984,Bill of Materials,AC-B8BK,BAG,840,12.886,10824.24,1,Posted
09/17/2024,ASM014986,Bill of Materials,A-61280,BAG,1728,13.373,23108.83,U,Posted
09/18/2024,ASM014988,Bill of Materials,AC-B16BK,BAG,421,28.348,11934.51,3,Posted
09/18/2024,ASM014989,Bill of Materials,AC-B9SL,BAG,19200,21.979,422003.07,U,Posted
09/19/2024,ASM014990,Bill of Materials,A-61243,BOX,3252,7.28,23676.16,1,Posted
09/20/2024,ASM014991,Bill of Materials,A-61260N,BOX,29,9.718,281.82,1,Posted
09/23/2024,ASM014992,Bill of Materials,AC-B8BK,BAG,840,12.886,10824.24,1,Posted
10/01/2024,ASM014998,Bill of Materials,A-61260N,BOX,393,12.02,4723.92,IF,Posted
10/03/2024,ASM014999,Bill of Materials,A-61220,BOX,2544,3.529,8977.77,3,Posted
09/24/2024,ASM015001,Bill of Materials,AC-B16BK,BAG,480,22.958,11019.84,1,Posted
09/26/2024,ASM015002,Bill of Materials,AC-B6SLJ,BAG,240,19.254,4621.02,1,Posted
09/25/2024,ASM015005,Bill of Materials,AC-B8BK,BAG,240,15.885,3812.4,2,Posted
09/27/2024,ASM015006,Bill of Materials,AC-B6SLJ,BAG,240,19.254,4621.02,1,Posted
10/01/2024,ASM015007,Bill of Materials,AC-B3SLJ,BAG,600,8.78,5267.71,1,Posted
09/30/2024,ASM015008,Bill of Materials,AC-B16BK,BAG,248,28.956,7181.09,2,Posted
10/03/2024,ASM015009,Bill of Materials,AC-B4BK,BAG,600,6.998,4198.71,1,Posted
10/02/2024,ASM015015,Bill of Materials,A-61012,BOX,3600,12.388,44596.68,1,Posted
10/07/2024,ASM015016,Bill of Materials,AC-B4BK,BAG,600,6.999,4199.1,1,Posted
10/02/2024,ASM015017,Bill of Materials,AC-B9SL,BAG,9600,23.386,224504.92,U,Posted
10/03/2024,ASM015018,Bill of Materials,AC-B8BK,BAG,160,15.885,2541.6,2,Posted
10/02/2024,ASM015019,Bill of Materials,A-61280,BAG,1443,13.373,19296.71,U,Posted
10/16/2024,ASM015022,Bill of Materials,F-04220,CASE,4923,7.402,36439.4,2,Posted
10/16/2024,ASM015022,Bill of Materials,F-04211,EACH,-118152,0.279,32993.3,2,Posted
10/09/2024,ASM015025,Bill of Materials,AC-B4BK,BAG,600,6.754,4052.1,1,Posted
10/08/2024,ASM015037,Bill of Materials,AC-B8BK,BAG,160,15.885,2541.6,2,Posted
10/16/2024,ASM015038,Bill of Materials,AC-B3SLJ,BAG,240,8.78,2107.09,1,Posted
10/08/2024,ASM015045,Bill of Materials,A-61260N,BOX,1440,11.14,16041.6,IF,Posted
10/10/2024,ASM015046,Bill of Materials,AC-B4BK,BAG,600,6.754,4052.1,1,Posted
10/10/2024,ASM015047,Bill of Materials,AC-B16BK,BAG,2000,22.895,45790.95,3,Posted
10/12/2024,ASM015049,Bill of Materials,AC-B4BK,BAG,1200,6.754,8104.2,1,Posted
10/18/2024,ASM015050,Bill of Materials,AC-B3SLJ,BAG,240,8.78,2107.08,1,Posted
10/10/2024,ASM015051,Bill of Materials,AC-B8BK,BAG,1000,13.009,13008.93,3,Posted
10/10/2024,ASM015052,Bill of Materials,AC-B4BK,BAG,2000,6.999,13997,3,Posted
10/14/2024,ASM015054,Bill of Materials,AC-B4BK,BAG,600,6.754,4052.1,1,Posted
10/14/2024,ASM015056,Bill of Materials,A-61243,BOX,3840,8.202,31493.83,1,Posted
10/23/2024,ASM015057,Bill of Materials,A-61220,BOX,3990,3.899,15557.43,3,Posted
10/15/2024,ASM015066,Bill of Materials,AC-B9SL,BAG,18456,24.787,457469.08,U,Posted
10/15/2024,ASM015067,Bill of Materials,AC-B9SL,BAG,19545,24.634,481463.64,U,Posted
10/15/2024,ASM015075,Bill of Materials,AC-B3SLJ,BAG,240,11.52,2764.69,1,Posted
10/21/2024,ASM015076,Bill of Materials,AC-B4BK,BAG,1500,6.755,10132.69,1,Posted
10/22/2024,ASM015077,Bill of Materials,A-61220,BOX,2700,3.538,9551.52,3,Posted
10/24/2024,ASM015078,Bill of Materials,AC-B9SLE,BAG,2400,24.017,57640.43,1,Posted
10/23/2024,ASM015080,Bill of Materials,A-61260N,BOX,1721,11.301,19449.3,IF,Posted
10/23/2024,ASM015081,Bill of Materials,A-61260N,BOX,1800,11.14,20052,IF,Posted
10/24/2024,ASM015083,Bill of Materials,AC-B6SLJ,BAG,240,19.254,4621.02,1,Posted
10/22/2024,ASM015084,Bill of Materials,AC-B3SLJ,BAG,240,11.52,2764.68,1,Posted
10/28/2024,ASM015089,Bill of Materials,AC-B6SLJ,BAG,240,19.254,4621.02,1,Posted
10/29/2024,ASM015090,Bill of Materials,AC-B6SLJ,BAG,240,19.254,4621.02,1,Posted
10/28/2024,ASM015092,Bill of Materials,A-61012,BOX,1800,12.323,22181.4,1,Posted
10/29/2024,ASM015097,Bill of Materials,AC-B9SL,BAG,9601,24.246,232783.58,U,Posted
10/30/2024,ASM015098,Bill of Materials,AC-B6SLJ,BAG,240,19.258,4621.85,1,Posted
10/31/2024,ASM015104,Bill of Materials,AC-B8BK,BAG,240,15.885,3812.4,2,Posted
11/05/2024,ASM015106,Bill of Materials,AC-B4BK,BAG,1520,6.88,10458.08,3,Posted
11/04/2024,ASM015107,Bill of Materials,AC-B8BK,BAG,2000,12.701,25402,3,Posted
11/06/2024,ASM015108,Bill of Materials,AC-B16BK,BAG,3260,25.602,83461,3,Posted
11/04/2024,ASM015109,Bill of Materials,A-61260N,BOX,5610,11.14,62495.4,IF,Posted
11/04/2024,ASM015110,Bill of Materials,A-61260N,BOX,735,11.14,8187.9,IF,Posted
11/04/2024,ASM015111,Bill of Materials,A-61243,BOX,4097,8.203,33607.73,IF,Posted
11/06/2024,ASM015112,Bill of Materials,AC-B8BK,BAG,240,15.885,3812.4,2,Posted
11/07/2024,ASM015113,Bill of Materials,A-61243,BOX,920,8.135,7484.37,IF,Posted
11/06/2024,ASM015116,Bill of Materials,A-61243,BOX,1220,8.203,10007.66,1,Posted
11/12/2024,ASM015117,Bill of Materials,F-04220,CASE,3529,7.733,27288.85,2,Posted
11/12/2024,ASM015117,Bill of Materials,F-04211,EACH,-84696,0.293,24815.93,2,Posted
11/07/2024,ASM015120,Bill of Materials,A-61012,BOX,1440,12.452,17931.13,2,Posted
11/07/2024,ASM015121,Bill of Materials,A-61260N,BOX,1800,11.144,20059.79,IF,Posted
11/08/2024,ASM015122,Bill of Materials,A-61260N,BOX,7125,11.176,79625.95,IF,Posted
11/15/2024,ASM015124,Bill of Materials,F-04220,CASE,638,7.348,4688.03,1,Posted
11/15/2024,ASM015124,Bill of Materials,F-04211,EACH,-15312,0.277,4241.43,1,Posted
11/08/2024,ASM015126,Bill of Materials,AC-B9SL,BAG,9000,24.491,220416.12,U,Posted
11/11/2024,ASM015128,Bill of Materials,AC-B16BK,BAG,351,28.956,10163.57,2,Posted
11/11/2024,ASM015129,Bill of Materials,A-61012,BOX,720,12.476,8982.72,2,Posted
11/22/2024,ASM015149,Bill of Materials,A-61280,BAG,2304,11.957,27549.67,1,Posted
12/10/2024,ASM015155,Bill of Materials,AC-B4BK,BAG,3000,6.854,20560.5,3,Posted
12/05/2024,ASM015157,Bill of Materials,AC-B16BK,BAG,3090,22.01,68010.53,3,Posted
11/26/2024,ASM015158,Bill of Materials,AC-B9SLE,BAG,3200,25.133,80425.6,1,Posted
11/25/2024,ASM015168,Bill of Materials,AC-B9SL,BAG,11200,24.945,279386.27,U,Posted
11/26/2024,ASM015181,Bill of Materials,A-61280,BAG,2883,12.102,34889.22,U,Posted
11/29/2024,ASM015182,Bill of Materials,AC-B9SLE,BAG,4800,25.662,123178.02,1,Posted
12/16/2024,ASM015184,Bill of Materials,AC-B3SLJ,BAG,240,10.594,2542.65,1,Posted
12/20/2024,ASM015185,Bill of Materials,AC-B3SLJ,BAG,240,11.3,2712.04,1,Posted
11/29/2024,ASM015190,Bill of Materials,AC-B6SLJ,BAG,84,19.272,1618.87,1,Posted
12/05/2024,ASM015191,Bill of Materials,AC-B6SLJ,BAG,120,19.272,2312.67,1,Posted
12/04/2024,ASM015195,Bill of Materials,AC-B6SLJ,BAG,100,19.272,1927.23,1,Posted
12/10/2024,ASM015197,Bill of Materials,AC-B6SLJ,BAG,100,19.272,1927.22,1,Posted
12/10/2024,ASM015198,Bill of Materials,AC-B6SLJ,BAG,100,19.272,1927.23,1,Posted
12/10/2024,ASM015199,Bill of Materials,AC-B6SLJ,BAG,100,19.272,1927.22,1,Posted
12/12/2024,ASM015200,Bill of Materials,AC-B6SLJ,BAG,100,17.729,1772.85,1,Posted
12/11/2024,ASM015205,Bill of Materials,AC-B8BK,BAG,400,15.885,6354,2,Posted
12/12/2024,ASM015209,Bill of Materials,AC-B8BK,BAG,2000,12.559,25117.96,3,Posted
12/12/2024,ASM015210,Bill of Materials,A-61280,BAG,2883,12.101,34887.05,U,Posted
12/16/2024,ASM015216,Bill of Materials,AC-B8BK,BAG,200,15.885,3177,2,Posted
12/16/2024,ASM015220,Bill of Materials,AC-B9SL,BAG,15801,26.145,413117.88,U,Posted
12/17/2024,ASM015221,Bill of Materials,A-61012,BOX,720,12.396,8925.12,2,Posted
12/16/2024,ASM015223,Bill of Materials,AC-B6SLJ,BAG,120,18.452,2214.21,1,Posted
12/26/2024,ASM015225,Bill of Materials,AC-B3SLJ,BAG,240,12.96,3110.3,1,Posted
12/31/2024,ASM015226,Bill of Materials,AC-B3SLJ,BAG,240,12.96,3110.3,1,Posted
01/07/2025,ASM015229,Bill of Materials,A-61260N,BOX,3600,10.727,38617.14,IF,Posted
12/23/2024,ASM015230,Bill of Materials,A-61012,BOX,1080,12.586,13592.91,2,Posted
01/06/2025,ASM015237,Bill of Materials,AC-B4BK,BAG,2300,6.694,15395.05,3,Posted
01/16/2025,ASM015238,Bill of Materials,AC-B16BK,BAG,2500,21.827,54566.55,3,Posted
12/24/2024,ASM015240,Bill of Materials,A-61280,BAG,2016,12.101,24395.83,U,Posted
12/27/2024,ASM015241,Bill of Materials,A-61012,BOX,725,12.396,8987.1,2,Posted
12/27/2024,ASM015242,Bill of Materials,AC-B8BK,BAG,300,15.885,4765.5,2,Posted
12/27/2024,ASM015243,Bill of Materials,AC-B9SL,BAG,18000,25.082,451470.48,U,Posted
01/13/2025,ASM015245,Bill of Materials,A-61220,BOX,9600,3.622,34768.5,1,Posted
01/02/2025,ASM015247,Bill of Materials,A-61012,BOX,1800,12.413,22344,1,Posted
01/07/2025,ASM015248,Bill of Materials,AC-B3SLJ,BAG,240,12.96,3110.31,1,Posted
12/31/2024,ASM015249,Bill of Materials,A-61280,BAG,2016,12.102,24398.09,U,Posted
12/31/2024,ASM015250,Bill of Materials,AC-B9SLE,BAG,3200,24.386,78035.2,1,Posted
01/07/2025,ASM015260,Bill of Materials,A-61280,BAG,1731,12.102,20948.18,U,Posted
01/14/2025,ASM015264,Bill of Materials,AC-B6SLJ,BAG,240,22.229,5335.01,1,Posted
01/10/2025,ASM015270,Bill of Materials,AC-B9SL,BAG,9859,24.374,240304.69,U,Posted
01/15/2025,ASM015271,Bill of Materials,AC-B4BK,BAG,1200,7.134,8560.2,1,Posted
01/13/2025,ASM015275,Bill of Materials,A-61260N,BOX,1800,10.73,19314,IF,Posted
01/13/2025,ASM015276,Bill of Materials,A-61260N,BOX,2520,10.73,27039.6,IF,Posted
01/13/2025,ASM015278,Bill of Materials,A-61243,BOX,3360,7.877,26468.23,IF,Posted
01/15/2025,ASM015279,Bill of Materials,A-61260N,BOX,2160,10.73,23176.8,IF,Posted
01/15/2025,ASM015281,Bill of Materials,AC-B3SLJ,BAG,200,12.442,2488.32,3,Posted
01/15/2025,ASM015284,Bill of Materials,AC-B8BK,BAG,320,15.885,5083.2,2,Posted
02/11/2025,ASM015285,Bill of Materials,F-04220,CASE,5369,7.605,40833.23,2,Posted
02/11/2025,ASM015285,Bill of Materials,F-04211,EACH,-128856,0.288,37074.93,2,Posted
01/31/2025,ASM015286,Bill of Materials,F-04220,CASE,1298,7.444,9662.31,1,Posted
01/31/2025,ASM015286,Bill of Materials,F-04211,EACH,-31152,0.281,8753.71,1,Posted
01/17/2025,ASM015288,Bill of Materials,AC-B6SLJ,BAG,300,22.04,6612.05,3,Posted
01/16/2025,ASM015289,Bill of Materials,AC-B16BK,BAG,480,23.548,11303.04,1,Posted
01/20/2025,ASM015292,Bill of Materials,AC-B16BK,BAG,480,23.455,11258.46,1,Posted
01/17/2025,ASM015293,Bill of Materials,AC-B3SLJ,BAG,500,12.918,6459.12,3,Posted
01/08/2025,ASM015297,Bill of Materials,AC-B9SLE,BAG,4800,24.56,117888,1,Posted
01/17/2025,ASM015298,Bill of Materials,A-61243,BOX,2880,7.853,22616.64,IF,Posted
01/17/2025,ASM015299,Bill of Materials,A-61243,BOX,3360,7.843,26353.82,IF,Posted
01/22/2025,ASM015303,Bill of Materials,AC-B8BK,BAG,840,12.496,10496.64,1,Posted
01/20/2025,ASM015304,Bill of Materials,A-61280,BAG,2881,11.614,33460.31,U,Posted
01/24/2025,ASM015315,Bill of Materials,AC-B8BK,BAG,840,12.496,10496.64,1,Posted
01/24/2025,ASM015319,Bill of Materials,AC-B8BK,BAG,240,15.885,3812.4,2,Posted
01/28/2025,ASM015320,Bill of Materials,AC-B6SLJ,BAG,240,22.424,5381.68,1,Posted
01/30/2025,ASM015324,Bill of Materials,AC-B6SLJ,BAG,240,22.31,5354.34,1,Posted
01/31/2025,ASM015331,Bill of Materials,AC-B6SLJ,BAG,240,22.771,5465.04,1,Posted
03/27/2025,ASM015339,Bill of Materials,A-61012,BOX,2520,12.446,31363.41,1,Posted
02/05/2025,ASM015341,Bill of Materials,AC-B3SLJ,BAG,240,13.432,3223.56,1,Posted
02/03/2025,ASM015349,Bill of Materials,AC-B9SLE,BAG,2400,24.635,59123.72,1,Posted
02/11/2025,ASM015351,Bill of Materials,AC-B4BK,BAG,1200,6.686,8023.2,1,Posted
04/30/2025,ASM015353,Bill of Materials,AC-B3SLJ,BAG,240,13.127,3150.59,1,Posted
02/13/2025,ASM015360,Bill of Materials,AC-B4BK,BAG,500,6.896,3448,3,Posted
02/20/2025,ASM015361,Bill of Materials,AC-B16BK,BAG,1000,22.598,22598,3,Posted
02/13/2025,ASM015363,Bill of Materials,AC-B8BK,BAG,840,12.286,10320.24,1,Posted
02/18/2025,ASM015371,Bill of Materials,AC-B8BK,BAG,840,12.286,10320.24,1,Posted
02/13/2025,ASM015372,Bill of Materials,A-61280,BAG,2880,11.614,33448.94,U,Posted
02/18/2025,ASM015373,Bill of Materials,AC-B4BK,BAG,500,6.896,3448,3,Posted
03/03/2025,ASM015374,Bill of Materials,T-32224,CASE,1033,13.407,13849.43,1,Posted
02/21/2025,ASM015376,Bill of Materials,AC-B4BK,BAG,1200,6.744,8092.2,1,Posted
03/24/2025,ASM015380,Bill of Materials,F-04220,CASE,3851,7.699,29647.33,2,Posted
03/24/2025,ASM015380,Bill of Materials,F-04211,EACH,-92424,0.292,26951.63,2,Posted
02/18/2025,ASM015383,Bill of Materials,AC-B9SL,BAG,1920,24.73,47481.6,U,Posted
03/07/2025,ASM015384,Bill of Materials,T-32224,CASE,3425,13.337,45679.23,2,Posted
03/25/2025,ASM015385,Bill of Materials,F-04220,CASE,1566,7.639,11963.26,1,Posted
03/25/2025,ASM015385,Bill of Materials,F-04211,EACH,-37584,0.289,10851.4,1,Posted
02/19/2025,ASM015388,Bill of Materials,AC-B4BK,BAG,600,6.686,4011.6,1,Posted
02/20/2025,ASM015389,Bill of Materials,AC-B4BK,BAG,1200,6.721,8065.18,1,Posted
02/24/2025,ASM015395,Bill of Materials,AC-B4BK,BAG,1700,6.744,11463.95,1,Posted
02/26/2025,ASM015396,Bill of Materials,AC-B4BK,BAG,1700,6.744,11463.95,1,Posted
02/20/2025,ASM015397,Bill of Materials,AC-B4BK,BAG,3000,6.954,20862.14,3,Posted
02/21/2025,ASM015401,Bill of Materials,AC-B8BK,BAG,280,12.381,3466.68,2,Posted
02/25/2025,ASM015403,Bill of Materials,A-61220,BOX,-720,3.554,2558.67,1,Posted
02/26/2025,ASM015406,Bill of Materials,AC-B4BK,BAG,1360,6.744,9171.16,1,Posted
02/25/2025,ASM015407,Bill of Materials,A-61220,BOX,-477,3.622,1727.69,1,Posted
02/27/2025,ASM015410,Bill of Materials,AC-B16BK,BAG,400,21.99,8796,1,Posted
02/27/2025,ASM015414,Bill of Materials,AC-B6SLJ,BAG,240,23.289,5589.24,1,Posted
03/05/2025,ASM015424,Bill of Materials,A-61012,BOX,720,12.323,8872.56,1,Posted
03/04/2025,ASM015426,Bill of Materials,AC-B4BK,BAG,1360,6.836,9296.96,1,Posted
02/28/2025,ASM015432,Bill of Materials,A-61280,BAG,5761,11.611,66890.44,U,Posted
03/03/2025,ASM015434,Bill of Materials,AC-B6SLJ,BAG,240,22.816,5475.78,1,Posted
03/03/2025,ASM015436,Bill of Materials,AC-B3SLJ,BAG,480,12.916,6199.85,1,Posted
03/06/2025,ASM015439,Bill of Materials,AC-B4BK,BAG,255,6.956,1773.78,3,Posted
03/06/2025,ASM015440,Bill of Materials,AC-B4BK,BAG,1360,6.836,9296.96,1,Posted
03/06/2025,ASM015443,Bill of Materials,AC-B8BK,BAG,800,12.586,10068.8,1,Posted
03/10/2025,ASM015447,Bill of Materials,AC-B16BK,BAG,500,22.838,11419,3,Posted
03/11/2025,ASM015450,Bill of Materials,AC-B4BK,BAG,1360,6.836,9296.96,1,Posted
03/11/2025,ASM015452,Bill of Materials,AC-B6SLJ,BAG,480,22.253,10681.59,1,Posted
03/10/2025,ASM015455,Bill of Materials,AC-B3SLJ,BAG,168,12.736,2139.63,3,Posted
03/17/2025,ASM015456,Bill of Materials,AC-B6SLJ,BAG,500,21.651,10825.25,3,Posted
03/17/2025,ASM015457,Bill of Materials,AC-B8BK,BAG,1000,13.029,13029.22,3,Posted
03/12/2025,ASM015461,Bill of Materials,A-61012,BOX,-1410,12.372,17445.09,1,Posted
03/13/2025,ASM015462,Bill of Materials,AC-B3SLJ,BAG,480,12.753,6121.35,1,Posted
03/11/2025,ASM015463,Bill of Materials,AC-B16BK,BAG,400,22.36,8944,1,Posted
03/14/2025,ASM015465,Bill of Materials,AC-B16BK,BAG,400,22.36,8944,1,Posted
03/17/2025,ASM015466,Bill of Materials,AC-B3SLJ,BAG,480,12.753,6121.34,1,Posted
04/09/2025,ASM015476,Bill of Materials,AC-B16BK,BAG,2000,22.668,45335.79,3,Posted
03/24/2025,ASM015477,Bill of Materials,AC-B8BK,BAG,500,13.133,6566.5,3,Posted
04/22/2025,ASM015478,Bill of Materials,AC-B4BK,BAG,3000,7.008,21023.88,3,Posted
03/18/2025,ASM015480,Bill of Materials,AC-B16BK,BAG,400,22.519,9007.46,1,Posted
03/18/2025,ASM015482,Bill of Materials,A-61012,BOX,1332,12.499,16648.51,1,Posted
03/18/2025,ASM015485,Bill of Materials,AC-B3SLJ,BAG,480,12.916,6199.86,1,Posted
03/21/2025,ASM015488,Bill of Materials,AC-B3SLJ,BAG,300,12.706,3811.89,3,Posted
03/19/2025,ASM015490,Bill of Materials,AC-B16BK,BAG,400,22.54,9016,1,Posted
03/26/2025,ASM015491,Bill of Materials,AC-B8BK,BAG,1600,12.676,20281.6,1,Posted
03/21/2025,ASM015494,Bill of Materials,AC-B6SLJ,BAG,110,21.418,2355.98,3,Posted
03/21/2025,ASM015496,Bill of Materials,A-61012,BOX,1440,12.323,17745.12,1,Posted
04/02/2025,ASM015509,Bill of Materials,AC-B8BK,BAG,1600,12.676,20281.6,1,Posted
04/09/2025,ASM015512,Bill of Materials,A-61220,BOX,1920,3.453,6629.76,3,Posted
03/28/2025,ASM015516,Bill of Materials,AC-B6SLJ,BAG,480,21.522,10330.68,1,Posted
03/26/2025,ASM015517,Bill of Materials,A-61220,BOX,-208,3.622,753.38,3,Posted
04/04/2025,ASM015518,Bill of Materials,A-61220,BOX,-208,3.622,753.37,3,Posted
04/04/2025,ASM015519,Bill of Materials,T-32224,CASE,3763,13.684,51492.89,2,Posted
03/28/2025,ASM015522,Bill of Materials,A-61012,BOX,-504,12.499,6299.49,1,Posted
03/31/2025,ASM015523,Bill of Materials,A-61012,BOX,-1400,12.323,17252.2,1,Posted
03/28/2025,ASM015524,Bill of Materials,A-61012,BOX,1200,12.403,14883.6,1,Posted
03/31/2025,ASM015526,Bill of Materials,A-61012,BOX,-2000,12.446,24892,1,Posted
04/09/2025,ASM015531,Bill of Materials,A-61220,BOX,250,3.463,865.8,3,Posted
04/01/2025,ASM015533,Bill of Materials,AC-B6SLJ,BAG,480,21.847,10486.58,1,Posted
04/08/2025,ASM015534,Bill of Materials,T-32224,CASE,695,13.519,9395.8,1,Posted
04/01/2025,ASM015537,Bill of Materials,AC-B8BK,BAG,480,12.381,5942.88,2,Posted
04/03/2025,ASM015540,Bill of Materials,AC-B3SLJ,BAG,480,12.648,6070.81,1,Posted
04/09/2025,ASM015544,Bill of Materials,AC-B8BK,BAG,1600,12.346,19753.6,1,Posted
04/04/2025,ASM015546,Bill of Materials,AC-B3SLJ,BAG,480,12.822,6154.73,1,Posted
04/03/2025,ASM015550,Bill of Materials,AC-B6SLJ,BAG,-500,21.632,10816.16,3,Posted
04/25/2025,ASM015551,Bill of Materials,AC-B6SLJ,BAG,500,21.442,10720.75,3,Posted
04/08/2025,ASM015558,Bill of Materials,A-61220,BOX,4547,3.568,16225.31,1,Posted
04/07/2025,ASM015560,Bill of Materials,A-61220,BOX,-2000,3.622,7244,1,Posted
04/08/2025,ASM015564,Bill of Materials,AC-B3SLJ,BAG,482,12.846,6191.61,1,Posted
04/09/2025,ASM015568,Bill of Materials,AC-B3SLJ,BAG,480,12.856,6170.98,1,Posted
04/08/2025,ASM015571,Bill of Materials,A-61280,BAG,2883,11.608,33465.69,U,Posted
04/09/2025,ASM015572,Bill of Materials,AC-B6SLJ,BAG,-122,21.678,2644.72,3,Posted
04/15/2025,ASM015575,Bill of Materials,AC-B8BK,BAG,1600,12.506,20009.6,1,Posted
04/10/2025,ASM015577,Bill of Materials,A-61220,BOX,-2000,3.568,7136,1,Posted
04/11/2025,ASM015578,Bill of Materials,AC-B3SLJ,BAG,480,12.993,6236.87,1,Posted
04/11/2025,ASM015583,Bill of Materials,A-61220,BOX,-2000,3.568,7136,1,Posted
04/10/2025,ASM015584,Bill of Materials,AC-B6SLJ,BAG,100,21.418,2141.8,3,Posted
04/11/2025,ASM015585,Bill of Materials,A-61220,BOX,4000,3.593,14372,1,Posted
04/30/2025,ASM015586,Bill of Materials,T-32224,CASE,1060,14.246,15100.76,L,Posted
05/05/2025,ASM015587,Bill of Materials,T-32224,CASE,3398,13.532,45982.54,2,Posted
04/25/2025,ASM015589,Bill of Materials,A-61220,BOX,1920,3.453,6629.76,3,Posted
04/11/2025,ASM015592,Bill of Materials,AC-B6SLJ,BAG,-100,21.567,2156.73,3,Posted
04/17/2025,ASM015594,Bill of Materials,AC-B16BK,BAG,800,22.408,17926.1,1,Posted
04/11/2025,ASM015596,Bill of Materials,AC-B3SLJ,BAG,300,13.127,3938.23,1,Posted
04/15/2025,ASM015597,Bill of Materials,A-61220,BOX,-1280,3.593,4599.04,1,Posted
05/23/2025,ASM015600,Bill of Materials,T-32224,CASE,3631,14.229,51663.86,L,Posted
05/28/2025,ASM015601,Bill of Materials,F-04220,CASE,1391,9.028,12558.43,L,Posted
05/28/2025,ASM015601,Bill of Materials,F-04211,EACH,-33384,0.295,9848.28,L,Posted
04/16/2025,ASM015605,Bill of Materials,A-61220,BOX,-2720,3.593,9772.96,1,Posted
04/21/2025,ASM015606,Bill of Materials,AC-B6SLJ,BAG,-499,22.295,11124.98,2,Posted
04/17/2025,ASM015611,Bill of Materials,AC-B16BK,BAG,800,22.52,18016,1,Posted
04/18/2025,ASM015617,Bill of Materials,AC-B6SLJ,BAG,250,21.418,5354.5,3,Posted
04/18/2025,ASM015618,Bill of Materials,A-61243,BOX,1431,7.633,10922.48,1,Posted
04/28/2025,ASM015619,Bill of Materials,A-61243,BOX,1834,7.367,13511.63,1,Posted
04/21/2025,ASM015623,Bill of Materials,AC-B6SLJ,BAG,-200,21.418,4283.6,3,Posted
04/23/2025,ASM015624,Bill of Materials,A-61220,BOX,-240,3.463,831.05,3,Posted
04/21/2025,ASM015625,Bill of Materials,A-61012,BOX,-320,12.499,3999.68,3,Posted
05/19/2025,ASM015626,Bill of Materials,AC-B4BK,BAG,2000,6.849,13697,3,Posted
04/28/2025,ASM015628,Bill of Materials,AC-B16BK,BAG,1600,21.829,34926.86,1,Posted
04/24/2025,ASM015634,Bill of Materials,A-61260N,BOX,720,10.837,7802.82,IF,Posted
04/25/2025,ASM015635,Bill of Materials,AC-B4BK,BAG,1360,6.939,9436.36,1,Posted
04/21/2025,ASM015636,Bill of Materials,A-61260N,BOX,1800,10.73,19314,IF,Posted
04/23/2025,ASM015638,Bill of Materials,A-61260N,BOX,1800,11.27,20286,IF,Posted
04/29/2025,ASM015640,Bill of Materials,AC-B4BK,BAG,1360,6.761,9194.96,1,Posted
05/22/2025,ASM015641,Bill of Materials,AC-B6SLJ,BAG,100,22.682,2268.22,3,Posted
04/28/2025,ASM015643,Bill of Materials,AC-B6SLJ,BAG,-240,21.44,5145.53,3,Posted
04/24/2025,ASM015645,Bill of Materials,A-61260N,BOX,360,11.27,4057.2,IF,Posted
04/24/2025,ASM015647,Bill of Materials,A-61260N,BOX,864,11.469,9909.45,IF,Posted
05/01/2025,ASM015648,Bill of Materials,A-61260N,BOX,3450,11.337,39114.2,IF,Posted
05/01/2025,ASM015649,Bill of Materials,A-61260N,BOX,150,11.27,1690.5,IF,Posted
05/02/2025,ASM015653,Bill of Materials,AC-B8BK,BAG,1600,12.759,20414.98,1,Posted
05/01/2025,ASM015654,Bill of Materials,AC-B4BK,BAG,1360,7.066,9609.76,1,Posted
04/30/2025,ASM015655,Bill of Materials,A-61260N,BOX,3782,9.82,37138.61,1,Posted
05/01/2025,ASM015657,Bill of Materials,AC-B8BK,BAG,480,12.541,6019.68,2,Posted
05/01/2025,ASM015662,Bill of Materials,A-61260N,BOX,480,9.482,4551.36,3,Posted
05/02/2025,ASM015666,Bill of Materials,A-61243,BOX,1078,7.078,7630.51,1,Posted
05/06/2025,ASM015667,Bill of Materials,AC-B8BK,BAG,800,13.006,10404.8,1,Posted
05/09/2025,ASM015680,Bill of Materials,AC-B4BK,BAG,1360,7.066,9609.76,1,Posted
05/09/2025,ASM015681,Bill of Materials,AC-B8BK,BAG,500,12.571,6285.5,3,Posted
05/12/2025,ASM015683,Bill of Materials,AC-B8BK,BAG,500,12.561,6280.6,3,Posted
06/02/2025,ASM015684,Bill of Materials,AC-B16BK,BAG,1500,22.079,33118.42,3,Posted
05/23/2025,ASM015686,Bill of Materials,T-32224,CASE,4322,13.524,58448.89,2,Posted
05/16/2025,ASM015687,Bill of Materials,F-04220,CASE,4025,8.796,35401.9,2,Posted
05/16/2025,ASM015687,Bill of Materials,F-04211,EACH,-96600,0.289,27955.65,2,Posted
05/13/2025,ASM015688,Bill of Materials,A-61012,BOX,1200,12.453,14943.6,1,Posted
05/14/2025,ASM015696,Bill of Materials,AC-B16BK,BAG,800,22.914,18331.39,1,Posted
05/30/2025,ASM015698,Bill of Materials,AC-B6SLJ,BAG,-200,21.442,4288.4,3,Posted
05/19/2025,ASM015701,Bill of Materials,AC-B8BK,BAG,500,12.571,6285.5,3,Posted
05/13/2025,ASM015704,Bill of Materials,A-61243,BOX,3788,7.227,27375.83,1,Posted
05/16/2025,ASM015707,Bill of Materials,AC-B6SLJ,BAG,-100,21.847,2184.7,2,Posted
05/14/2025,ASM015708,Bill of Materials,A-61012,BOX,656,12.453,8169.17,1,Posted
05/15/2025,ASM015709,Bill of Materials,A-61243,BOX,480,7.181,3446.67,3,Posted
05/16/2025,ASM015713,Bill of Materials,AC-B4BK,BAG,798,6.939,5536.93,2,Posted
05/16/2025,ASM015715,Bill of Materials,A-61260N,BOX,1800,9.698,17456.4,1,Posted
06/11/2025,ASM015718,Bill of Materials,AC-B8BK,BAG,500,12.421,6210.5,3,Posted
05/21/2025,ASM015723,Bill of Materials,A-61260N,BOX,2526,9.736,24592.31,1,Posted
06/13/2025,ASM015724,Bill of Materials,AC-B8BK,BAG,100,12.421,1242.1,3,Posted
06/02/2025,ASM015725,Bill of Materials,A-61243,BOX,3560,7.999,28478.19,IF,Posted
06/02/2025,ASM015726,Bill of Materials,A-61243,BOX,760,7.997,6077.72,IF,Posted
05/22/2025,ASM015727,Bill of Materials,AC-B16BK,BAG,382,22.518,8601.87,2,Posted
06/05/2025,ASM015728,Bill of Materials,AC-B6SLJ,BAG,307,22.627,6946.51,3,Posted
05/22/2025,ASM015731,Bill of Materials,A-61012,BOX,1080,12.399,13391.23,1,Posted
05/23/2025,ASM015735,Bill of Materials,A-61280,BAG,2307,11.998,27680.02,U,Posted
05/23/2025,ASM015736,Bill of Materials,A-61012,BOX,1080,11.975,12932.64,1,Posted
05/29/2025,ASM015738,Bill of Materials,AC-B16BK,BAG,800,24.029,19222.84,1,Posted
05/28/2025,ASM015741,Bill of Materials,A-61012,BOX,829,11.977,9928.94,1,Posted
06/03/2025,ASM015748,Bill of Materials,A-61220,BOX,1920,3.573,6860.16,3,Posted
06/02/2025,ASM015763,Bill of Materials,A-61260N,BOX,2445,9.713,23747.53,1,Posted
06/02/2025,ASM015767,Bill of Materials,AC-B8BK,BAG,440,12.751,5610.44,2,Posted
06/03/2025,ASM015769,Bill of Materials,A-61012,BOX,575,11.977,6886.77,1,Posted
06/03/2025,ASM015776,Bill of Materials,A-61243,BOX,3620,8.021,29036.13,IF,Posted
06/03/2025,ASM015777,Bill of Materials,A-61243,BOX,700,7.997,5597.9,IF,Posted
06/03/2025,ASM015778,Bill of Materials,AC-B6SLJ,BAG,235,22.682,5330.33,3,Posted
06/09/2025,ASM015780,Bill of Materials,T-32224,CASE,2628,13.731,36086.29,2,Posted
06/12/2025,ASM015786,Bill of Materials,A-61260N,BOX,2880,10.063,28981.17,1,Posted
06/26/2025,ASM015791,Bill of Materials,F-04220,CASE,4675,8.816,41215.44,2,Posted
06/26/2025,ASM015791,Bill of Materials,F-04211,EACH,-112200,0.29,32566.69,2,Posted
06/10/2025,ASM015792,Bill of Materials,A-61012,BOX,3017,11.973,36122.83,1,Posted
06/10/2025,ASM015801,Bill of Materials,AC-B6SLJ,BAG,-220,22.682,4990.04,3,Posted
06/10/2025,ASM015806,Bill of Materials,A-61260N,BOX,360,9.692,3489.12,3,Posted
06/13/2025,ASM015807,Bill of Materials,A-61220,BOX,960,3.573,3430.08,3,Posted
06/16/2025,ASM015811,Bill of Materials,A-61220,BOX,800,3.573,2858.4,3,Posted
06/13/2025,ASM015812,Bill of Materials,A-61012,BOX,1440,11.987,17261.63,2,Posted
06/19/2025,ASM015817,Bill of Materials,A-61260N,BOX,2170,10.071,21853.9,1,Posted
06/23/2025,ASM015823,Bill of Materials,A-61012,BOX,2185,12.048,26324.87,2,Posted
06/25/2025,ASM015826,Bill of Materials,A-61220,BOX,3840,3.587,13775.82,3,Posted
06/24/2025,ASM015828,Bill of Materials,A-61260N,BOX,3532,10.052,35503.66,1,Posted
06/25/2025,ASM015829,Bill of Materials,AC-B16BK,BAG,300,21.858,6557.4,3,Posted
06/27/2025,ASM015838,Bill of Materials,A-61220,BOX,960,3.573,3430.08,3,Posted
06/30/2025,ASM015843,Bill of Materials,A-61220,BOX,4800,3.593,17246.4,1,Posted
07/01/2025,ASM015845,Bill of Materials,AC-B8BK,BAG,1000,12.488,12487.98,3,Posted
07/07/2025,ASM015847,Bill of Materials,AC-B4BK,BAG,282,6.489,1829.76,3,Posted
07/07/2025,ASM015849,Bill of Materials,AC-B16BK,BAG,440,20.718,9115.92,3,Posted
07/01/2025,ASM015851,Bill of Materials,AC-B6SLJ,BAG,480,22.917,11000,1,Posted
07/02/2025,ASM015854,Bill of Materials,A-61012,BOX,1800,11.897,21414.6,1,Posted
07/07/2025,ASM015860,Bill of Materials,A-61243,BOX,220,7.997,1759.34,IF,Posted
07/07/2025,ASM015861,Bill of Materials,A-61243,BOX,1260,8.026,10113.26,IF,Posted
07/07/2025,ASM015862,Bill of Materials,A-61012,BOX,1304,11.897,15513.69,1,Posted
07/07/2025,ASM015863,Bill of Materials,A-61260N,BOX,3960,10.73,42490.8,IF,Posted
07/18/2025,ASM015864,Bill of Materials,T-32224,CASE,5199,13.934,72442.26,2,Posted
07/23/2025,ASM015866,Bill of Materials,F-04220,CASE,3105,8.536,26504.28,2,Posted
07/23/2025,ASM015866,Bill of Materials,F-04211,EACH,-74520,0.289,21536.28,2,Posted
07/17/2025,ASM015870,Bill of Materials,A-61260N,BOX,3600,10.73,38628,IF,Posted
07/08/2025,ASM015871,Bill of Materials,A-61260N,BOX,2160,10.746,23211.9,IF,Posted
07/11/2025,ASM015875,Bill of Materials,A-61012,BOX,3105,11.933,37052.11,1,Posted
07/11/2025,ASM015876,Bill of Materials,F-04220,CASE,1575,9.05,14253.75,L,Posted
07/11/2025,ASM015876,Bill of Materials,F-04211,EACH,-37800,0.295,11151,L,Posted
07/16/2025,ASM015887,Bill of Materials,AC-B8BK,BAG,560,12.751,7140.56,2,Posted
07/21/2025,ASM015898,Bill of Materials,T-32224,CASE,2304,13.278,30592.51,L,Posted
07/22/2025,ASM015902,Bill of Materials,A-61220,BOX,5760,3.617,20831.82,1,Posted
07/23/2025,ASM015905,Bill of Materials,A-61220,BOX,1560,3.573,5573.88,3,Posted
07/24/2025,ASM015908,Bill of Materials,A-61220,BOX,6130,3.618,22177.51,1,Posted
08/21/2025,ASM015911,Bill of Materials,T-32224,CASE,5218,13.585,70884.77,2,Posted
08/01/2025,ASM015912,Bill of Materials,A-61220,BOX,2268,3.614,8197.33,1,Posted
07/28/2025,ASM015913,Bill of Materials,AC-B8BK,BAG,1190,12.751,15173.69,2,Posted
08/06/2025,ASM015917,Bill of Materials,AC-B9SLE,BAG,4000,25.357,101427.18,1,Posted
07/29/2025,ASM015918,Bill of Materials,AC-B4BK,BAG,1190,8.319,9900.15,2,Posted
08/04/2025,ASM015920,Bill of Materials,A-61260N,BOX,360,10.742,3867.12,IF,Posted
07/25/2025,ASM015922,Bill of Materials,A-61260N,BOX,720,10.012,7208.64,3,Posted
07/30/2025,ASM015927,Bill of Materials,A-61280,BAG,5760,11.998,69106.17,U,Posted
08/04/2025,ASM015928,Bill of Materials,A-61243,BOX,5760,7.894,45472.15,IF,Posted
08/04/2025,ASM015931,Bill of Materials,A-61012,BOX,3100,11.952,37049.75,1,Posted
08/06/2025,ASM015934,Bill of Materials,AC-B9SL,BAG,9894,25.285,250171.61,U,Posted
08/06/2025,ASM015935,Bill of Materials,AC-B4BK,BAG,4080,6.876,28054.08,3,Posted
08/06/2025,ASM015936,Bill of Materials,AC-B16BK,BAG,1275,22.14,28228.52,3,Posted
08/18/2025,ASM015939,Bill of Materials,AC-B6SLJ,BAG,240,23.435,5624.47,1,Posted
08/08/2025,ASM015945,Bill of Materials,F-04220,CASE,1062,8.065,8565.03,L,Posted
08/08/2025,ASM015945,Bill of Materials,F-04211,EACH,-25488,0.287,7315.06,L,Posted
08/08/2025,ASM015948,Bill of Materials,AC-B3SLJ,BAG,300,13.543,4063.02,3,Posted
08/13/2025,ASM015950,Bill of Materials,AC-B8BK,BAG,500,12.626,6313,3,Posted
08/15/2025,ASM015959,Bill of Materials,T-32224,CASE,2280,13.371,30486.51,L,Posted
09/10/2025,ASM015961,Bill of Materials,F-04220,CASE,3096,8.55,26470.67,2,Posted
09/10/2025,ASM015961,Bill of Materials,F-04211,EACH,-74304,0.29,21517.07,2,Posted
08/20/2025,ASM015963,Bill of Materials,AC-B16BK,BAG,400,25.03,10012,1,Posted
08/20/2025,ASM015965,Bill of Materials,A-61243,BOX,3840,7.921,30414.86,IF,Posted
08/22/2025,ASM015968,Bill of Materials,AC-B16BK,BAG,400,25.03,10012,1,Posted
08/26/2025,ASM015971,Bill of Materials,A-61260N,BOX,2850,10.134,28882.9,1,Posted
08/25/2025,ASM015975,Bill of Materials,A-61243,BOX,267,7.917,2113.84,IF,Posted
08/25/2025,ASM015977,Bill of Materials,A-61260N,BOX,2250,10.751,24188.83,IF,Posted
08/25/2025,ASM015978,Bill of Materials,A-61260N,BOX,2790,10.758,30014.82,IF,Posted
08/25/2025,ASM015983,Bill of Materials,AC-B16BK,BAG,300,22.268,6680.4,3,Posted
08/25/2025,ASM015985,Bill of Materials,AC-B8BK,BAG,250,12.626,3156.5,3,Posted
08/26/2025,ASM015987,Bill of Materials,AC-B9SL,BAG,20509,25.003,512782.06,U,Posted
11/03/2025,ASM015992,Bill of Materials,A-61260N,BOX,50,10.451,522.54,1,Posted
09/03/2025,ASM015993,Bill of Materials,A-61260N,BOX,1080,10.824,11689.64,IF,Posted
09/03/2025,ASM015994,Bill of Materials,A-61260N,BOX,3936,10.794,42485.16,IF,Posted
09/08/2025,ASM016001,Bill of Materials,AC-B3SLJ,BAG,240,14.286,3428.66,1,Posted
09/02/2025,ASM016005,Bill of Materials,AC-B16BK,BAG,1000,22.268,22268,3,Posted
09/10/2025,ASM016007,Bill of Materials,T-32224,CASE,2268,13.917,31564.15,L,Posted
09/24/2025,ASM016008,Bill of Materials,T-32224,CASE,5236,14.647,76691.69,2,Posted
09/11/2025,ASM016010,Bill of Materials,AC-B8BK,BAG,800,13.664,10931.2,1,Posted
09/09/2025,ASM016015,Bill of Materials,AC-B3SLJ,BAG,120,13.531,1623.73,3,Posted
09/10/2025,ASM016021,Bill of Materials,F-04220,CASE,1071,7.993,8560.51,L,Posted
09/10/2025,ASM016021,Bill of Materials,F-04211,EACH,-25704,0.284,7299.94,L,Posted
09/11/2025,ASM016025,Bill of Materials,A-61012,BOX,1080,12.106,13074.91,1,Posted
09/17/2025,ASM016028,Bill of Materials,AC-B4BK,BAG,1445,7.014,10135.72,3,Posted
09/17/2025,ASM016031,Bill of Materials,AC-B16BK,BAG,1550,25.028,38793.4,3,Posted
09/16/2025,ASM016038,Bill of Materials,AC-B16BK,BAG,476,29.263,13929.19,2,Posted
09/19/2025,ASM016053,Bill of Materials,A-61280,BAG,7202,11.998,86406.73,U,Posted
09/23/2025,ASM016057,Bill of Materials,AC-B8BK,BAG,500,14.006,7003,3,Posted
09/26/2025,ASM016059,Bill of Materials,AC-B4BK,BAG,1360,7.566,10289.77,3,Posted
09/26/2025,ASM016072,Bill of Materials,A-61260N,BOX,7920,10.878,86155.69,IF,Posted
10/07/2025,ASM016073,Bill of Materials,AC-B3SLJ,BAG,240,13.484,3236.06,1,Posted
10/14/2025,ASM016074,Bill of Materials,F-04220,CASE,3371,8.901,30005.96,2,Posted
10/14/2025,ASM016074,Bill of Materials,F-04211,EACH,-80904,0.304,24612.36,2,Posted
10/01/2025,ASM016079,Bill of Materials,AC-B16BK,BAG,500,25.028,12514,3,Posted
10/02/2025,ASM016081,Bill of Materials,AC-B9SL,BAG,14050,25.098,352632.02,U,Posted
10/08/2025,ASM016083,Bill of Materials,AC-B3SLJ,BAG,240,13.396,3215.09,1,Posted
10/07/2025,ASM016084,Bill of Materials,AC-B8BK,BAG,500,14.006,7003,3,Posted
10/07/2025,ASM016086,Bill of Materials,A-61260N,BOX,3960,10.462,41429.53,IF,Posted
10/08/2025,ASM016087,Bill of Materials,AC-B9SL,BAG,10139,24.665,250078.44,U,Posted
10/07/2025,ASM016088,Bill of Materials,A-61260N,BOX,1800,10.938,19688.98,IF,Posted
10/10/2025,ASM016090,Bill of Materials,AC-B3SLJ,BAG,240,13.396,3215.1,1,Posted
10/13/2025,ASM016093,Bill of Materials,AC-B6SLJ,BAG,240,22.663,5439.06,1,Posted
10/10/2025,ASM016095,Bill of Materials,AC-B9SL,BAG,6214,25.968,161365.75,U,Posted
10/15/2025,ASM016096,Bill of Materials,AC-B6SLJ,BAG,240,22.893,5494.23,1,Posted
10/15/2025,ASM016097,Bill of Materials,A-61243,BOX,5473,7.275,39814.51,1,Posted
10/14/2025,ASM016099,Bill of Materials,A-61260N,BOX,5400,10.476,56571.74,IF,Posted
10/14/2025,ASM016107,Bill of Materials,AC-B3SLJ,BAG,240,13.549,3251.64,1,Posted
10/15/2025,ASM016112,Bill of Materials,AC-B16BK,BAG,1500,24.891,37336.75,3,Posted
10/16/2025,ASM016115,Bill of Materials,AC-B9SL,BAG,12800,26.772,342680.65,U,Posted
10/21/2025,ASM016116,Bill of Materials,A-61260N,BOX,2880,10.462,30130.56,IF,Posted
10/14/2025,ASM016118,Bill of Materials,AC-B3SLJ,BAG,240,13.549,3251.65,1,Posted
10/20/2025,ASM016129,Bill of Materials,AC-B4BK,BAG,1020,7.395,7543.23,3,Posted
10/14/2025,ASM016131,Bill of Materials,A-61260N,BOX,135,11.298,1525.27,IF,Posted
10/14/2025,ASM016132,Bill of Materials,A-61260N,BOX,585,10.462,6120.27,IF,Posted
10/30/2025,ASM016135,Bill of Materials,AC-B9SL,BAG,17603,26.255,462161.37,U,Posted
10/23/2025,ASM016139,Bill of Materials,A-61012,BOX,220,11.979,2635.38,1,Posted
10/27/2025,ASM016142,Bill of Materials,AC-B3SLJ,BAG,576,14.421,8306.41,1,Posted
10/30/2025,ASM016149,Bill of Materials,A-61243,BOX,1806,7.277,13142.68,1,Posted
10/30/2025,ASM016155,Bill of Materials,AC-B9SL,BAG,11922,21.597,257476.37,U,Posted
11/06/2025,ASM016167,Bill of Materials,AC-B6SLJ,BAG,240,24.707,5929.56,1,Posted
11/06/2025,ASM016169,Bill of Materials,A-61260N,BOX,1800,9.618,17312.4,1,Posted
11/06/2025,ASM016171,Bill of Materials,AC-B8BK,BAG,800,9.734,7787.2,1,Posted
11/05/2025,ASM016175,Bill of Materials,AC-B8BK,BAG,1100,13.633,14996.58,3,Posted
11/04/2025,ASM016177,Bill of Materials,F-04220,CASE,795,7.829,6224.06,L,Posted
11/04/2025,ASM016177,Bill of Materials,F-04211,EACH,-19080,0.283,5399.64,L,Posted
11/10/2025,ASM016179,Bill of Materials,AC-B6SLJ,BAG,240,24.631,5911.45,1,Posted
11/10/2025,ASM016180,Bill of Materials,AC-B8BK,BAG,800,9.734,7787.2,1,Posted
11/06/2025,ASM016182,Bill of Materials,A-61280,BAG,7201,11.988,86327.45,U,Posted
11/08/2025,ASM016189,Bill of Materials,AC-B8BK,BAG,354,9.734,3445.84,1,Posted
11/10/2025,ASM016192,Bill of Materials,A-61260N,BOX,1671,9.647,16120.75,1,Posted
11/13/2025,ASM016194,Bill of Materials,AC-B6SLJ,BAG,240,24.542,5889.96,1,Posted
11/13/2025,ASM016198,Bill of Materials,AC-B4BK,BAG,4080,7.361,30031.67,3,Posted
11/18/2025,ASM016201,Bill of Materials,AC-B6SLJ,BAG,240,24.542,5889.96,1,Posted
11/14/2025,ASM016203,Bill of Materials,A-61012,BOX,2520,11.992,30220.19,1,Posted
11/14/2025,ASM016204,Bill of Materials,AC-B9SL,BAG,23299,23.121,538703.71,U,Posted
11/15/2025,ASM016205,Bill of Materials,AC-B16BK,BAG,400,16.481,6592.4,1,Posted
11/20/2025,ASM016215,Bill of Materials,AC-B6SLJ,BAG,240,24.542,5889.96,1,Posted
12/17/2025,ASM016216,Bill of Materials,F-04220,CASE,1071,7.836,8392.64,L,Posted
12/17/2025,ASM016216,Bill of Materials,F-04211,EACH,-25704,0.283,7282.01,L,Posted
12/05/2025,ASM016218,Bill of Materials,F-04220,CASE,3095,8.904,27557.82,2,Posted
12/05/2025,ASM016218,Bill of Materials,F-04211,EACH,-74280,0.304,22605.82,2,Posted
11/20/2025,ASM016225,Bill of Materials,AC-B4BK,BAG,1190,7.394,8798.27,2,Posted
11/22/2025,ASM016226,Bill of Materials,AC-B6SLJ,BAG,240,24.123,5789.54,1,Posted
11/25/2025,ASM016228,Bill of Materials,AC-B8BK,BAG,800,9.734,7787.2,1,Posted
11/20/2025,ASM016229,Bill of Materials,AC-B9SL,BAG,15182,24.625,373856.48,U,Posted
11/21/2025,ASM016230,Bill of Materials,A-61012,BOX,1041,11.979,12470.14,1,Posted
11/26/2025,ASM016231,Bill of Materials,AC-B6SLJ,BAG,240,23.955,5749.08,1,Posted
11/24/2025,ASM016232,Bill of Materials,A-61243,BOX,870,8.25,7177.5,1,Posted
11/24/2025,ASM016235,Bill of Materials,AC-B9SLE,BAG,800,22.51,18008,1,Posted
11/28/2025,ASM016239,Bill of Materials,AC-B16BK,BAG,400,16.481,6592.31,1,Posted
11/28/2025,ASM016240,Bill of Materials,AC-B8BK,BAG,800,9.732,7785.6,1,Posted
12/01/2025,ASM016247,Bill of Materials,AC-B16BK,BAG,450,24.003,10801.35,3,Posted
11/26/2025,ASM016248,Bill of Materials,AC-B16BK,BAG,1200,24.191,29029.65,3,Posted
11/28/2025,ASM016254,Bill of Materials,A-61243,BOX,3240,8.49,27506.4,1,Posted
12/01/2025,ASM016255,Bill of Materials,AC-B8BK,BAG,750,9.732,7299,1,Posted
12/01/2025,ASM016256,Bill of Materials,AC-B6SLJ,BAG,180,23.955,4311.81,1,Posted
12/04/2025,ASM016262,Bill of Materials,A-61260N,BOX,2520,10.463,26367.46,1,Posted
12/05/2025,ASM016264,Bill of Materials,AC-B9SL,BAG,8007,23.106,185012.8,U,Posted
12/04/2025,ASM016266,Bill of Materials,AC-B8BK,BAG,500,13.494,6747,3,Posted
12/09/2025,ASM016276,Bill of Materials,A-61243,BOX,2880,8.53,24565.71,1,Posted
12/10/2025,ASM016279,Bill of Materials,AC-B8BK,BAG,700,13.494,9445.8,3,Posted
12/12/2025,ASM016284,Bill of Materials,A-61243,BOX,2400,8.49,20376,1,Posted
12/15/2025,ASM016285,Bill of Materials,AC-B8BK,BAG,400,13.494,5397.6,3,Posted
12/12/2025,ASM016288,Bill of Materials,AC-B9SL,BAG,10780,22.751,245253.69,U,Posted
12/22/2025,ASM016292,Bill of Materials,A-61260N,BOX,2520,11.662,29388.25,IF,Posted
12/17/2025,ASM016293,Bill of Materials,AC-B4BK,BAG,1020,7.348,7494.45,3,Posted
12/23/2025,ASM016294,Bill of Materials,A-61243,BOX,2443,8.539,20861.23,1,Posted
12/24/2025,ASM016302,Bill of Materials,AC-B3SLJ,BAG,240,14.043,3370.28,1,Posted
12/19/2025,ASM016303,Bill of Materials,AC-B9SL,BAG,12300,23.878,293694.09,U,Posted
12/22/2025,ASM016304,Bill of Materials,F-04220,CASE,19,9,171,1,Posted
12/22/2025,ASM016304,Bill of Materials,F-04211,EACH,-456,0.295,134.52,1,Posted
12/23/2025,ASM016307,Bill of Materials,AC-B4BK,BAG,2720,7.348,19985.2,3,Posted
12/22/2025,ASM016308,Bill of Materials,A-61260N,BOX,2520,11.701,29485.63,IF,Posted
12/30/2025,ASM016314,Bill of Materials,AC-B3SLJ,BAG,240,14.357,3445.72,1,Posted
12/29/2025,ASM016319,Bill of Materials,AC-B16BK,BAG,800,22.039,17631.2,1,Posted
12/29/2025,ASM016321,Bill of Materials,A-61260N,BOX,630,11.671,7352.73,IF,Posted
12/29/2025,ASM016322,Bill of Materials,A-61260N,BOX,1815,11.671,21182.87,IF,Posted
12/30/2025,ASM016324,Bill of Materials,A-61012,BOX,720,11.979,8624.88,1,Posted
12/29/2025,ASM016329,Bill of Materials,A-61280,BAG,2880,12.75,36720.76,U,Posted
12/31/2025,ASM016333,Bill of Materials,A-61280,BAG,2881,12.753,36741.15,U,Posted
12/31/2025,ASM016337,Bill of Materials,AC-B9SL,BAG,7380,17.662,130345.59,U,Posted
12/31/2025,ASM016339,Bill of Materials,A-61012,BOX,720,12.013,8649.3,1,Posted
